date,temp_max,temp_min,humidity_max,humidity_min,windspeed_avg,solar_radiation_avg,ETo,precip,humedad_sonda
2022-05-10,26.0,11.7,92.08,38.47,7.483333333333333,25.264800000000005,5.05214865990055,0.0,30.489448275862067
2022-05-11,25.9,11.8,90.58,36.59,7.975,25.1712,5.152718073987712,1.347,29.924645833333333
2022-05-12,24.8,13.2,90.62,43.64,9.925,24.3936,4.996868027470495,0.0,29.26233333333333
2022-05-13,28.3,14.3,91.44,44.14,8.299999999999999,24.282000000000004,5.259746977771027,1.011,28.75658333333333
2022-05-14,28.2,14.8,92.28,33.18,8.766666666666667,23.3712,5.491965150404312,0.0,28.175916666666662
2022-05-15,28.3,15.2,80.46,38.26,7.266666666666667,23.706,5.334453297947729,0.018,27.5654375
2022-05-16,30.1,15.8,87.93,39.51,7.837499999999999,24.498000000000005,5.64238860965536,0.912,26.9648125
2022-05-17,31.3,15.0,88.01,38.29,6.220833333333334,5.7564,3.147051259709163,0.0,26.307770833333333
2022-05-18,30.6,17.3,88.07,36.54,8.825000000000001,24.8328,6.01063868181786,0.0,25.61010416666667
2022-05-19,28.7,16.6,79.88,37.44,11.0625,24.7176,6.130591442125134,0.0,24.884604166666666
2022-05-20,29.2,18.4,73.07,41.46,14.1875,23.925600000000003,6.5496774130159405,0.0,24.291104166666667
2022-05-21,29.8,17.8,80.42,31.18,10.808333333333332,26.384400000000003,6.672152914078526,0.293,23.79697916666667
2022-05-22,33.9,15.9,77.36,28.49,6.4125000000000005,23.677200000000003,6.081384467264304,2.05,23.263479166666663
2022-05-23,32.1,19.2,72.96,29.94,10.183333333333334,26.820000000000004,7.149310765519316,1.784,22.941
2022-05-24,28.9,18.8,81.21,36.15,11.045833333333334,20.6064,5.771960377523324,0.0,22.497666666666664
2022-05-25,25.4,17.0,83.47,27.12,14.725,20.9664,6.023297586266295,7.556,22.0958125
2022-05-26,26.2,13.5,84.43,33.85,7.941666666666666,25.048800000000004,5.397915234795706,0.0,21.767
2022-05-27,31.8,14.4,72.86,23.26,7.883333333333333,26.182800000000004,6.627231487854009,0.0,21.37925
2022-05-28,32.8,16.3,84.16,22.64,9.116666666666667,25.8228,6.961682323466529,0.0,20.941041666666667
2022-05-29,34.9,18.0,60.98,21.13,8.933333333333334,22.960800000000003,7.216045860833391,0.0,20.47102083333333
2022-05-30,31.8,17.8,87.1,23.79,7.683333333333334,23.7312,6.203086876643089,0.0,19.966479166666662
2022-05-31,30.2,17.6,71.8,37.11,10.570833333333333,25.4304,6.552669546696392,0.0,19.566875
2022-06-01,30.5,17.9,96.92,44.56,8.924999999999999,25.0884,5.769667736726373,0.0,19.23139583333333
2022-06-02,32.7,18.0,91.71,31.19,8.541666666666666,16.4928,5.335180972446613,0.0,18.965229166666667
2022-06-03,31.5,19.9,91.75,39.84,9.495833333333334,23.785200000000003,6.048374562353939,0.0,18.833125
2022-06-04,31.8,17.5,90.59,18.11,9.9375,25.2936,7.004509348190117,0.0,18.511479166666668
2022-06-05,33.1,19.0,82.75,23.1,9.3125,23.9436,6.872833619152293,0.018,18.079291666666663
2022-06-06,33.6,17.3,59.82,20.06,8.091666666666667,25.9524,7.178294665178237,1.049,17.781979166666666
2022-06-07,34.3,18.9,75.19,24.32,10.295833333333333,25.887600000000003,7.590767790300365,0.046,17.471229166666667
2022-06-08,36.1,18.4,77.05,24.06,7.274999999999999,22.1004,6.56846881736041,0.0,17.159187499999998
2022-06-09,31.5,22.6,91.04,36.2,12.645833333333334,25.329600000000003,6.858697755681743,0.0,17.00916666666667
2022-06-10,32.1,19.0,93.93,36.8,9.908333333333331,25.812,6.510604023099271,0.0,16.78922916666667
2022-06-11,32.4,18.4,84.52,27.1,9.604166666666666,26.334000000000003,6.983857135189257,0.0,16.485041666666667
2022-06-12,33.4,17.9,74.29,18.98,9.820833333333333,25.6104,7.473104179943732,0.0,16.115312499999998
2022-06-13,34.6,18.8,57.26,19.61,10.783333333333331,23.9508,7.95358520108036,0.0,15.803624999999998
2022-06-14,36.8,20.0,66.18,19.12,10.375,25.059600000000003,8.24638931329841,0.0,15.600354166666667
2022-06-15,35.9,22.1,75.94,23.8,9.716666666666669,21.7728,7.219655239368638,0.0,15.496604166666666
2022-06-16,36.8,21.9,68.21,19.36,10.3,23.796000000000003,8.044181100704641,0.0,15.2891875
2022-06-17,38.0,21.8,54.68,17.25,10.095833333333331,25.2792,8.610357910222133,0.0,18.04389583333333
2022-06-18,37.4,21.2,49.82,19.36,10.379166666666666,25.297200000000004,8.594778011422521,0.0,19.0174375
2022-06-19,35.1,21.7,71.61,32.6,9.691666666666666,24.033600000000003,7.175738678299292,0.0,18.4288125
2022-06-20,33.5,21.4,87.78,39.59,11.35,22.251600000000003,6.497995236570931,0.037,18.164895833333333
2022-06-21,32.9,22.7,89.5,38.08,9.4875,16.304399999999998,5.327464171905996,0.0,19.6105
2022-06-22,31.6,21.0,92.14,29.89,9.941666666666666,26.280000000000005,6.778213407084265,0.0,25.2695
2022-06-23,33.0,18.1,87.05,18.66,9.954166666666667,26.478,7.395277985640337,0.0,24.8336875
2022-06-24,32.2,19.8,74.23,25.62,10.0625,24.379200000000004,7.022115291172945,0.0,24.26683333333333
2022-06-25,34.1,18.9,75.47,25.1,9.725,26.2512,7.449615700119034,0.548,23.58302083333333
2022-06-26,31.2,18.0,87.63,36.29,10.983333333333334,25.437600000000003,6.578325163005808,0.066,22.848458333333337
2022-06-27,31.2,19.0,91.6,29.27,10.095833333333331,24.7824,6.543992763717326,0.163,22.172583333333336
2022-06-28,31.5,22.4,81.05,41.76,9.583333333333334,25.002,6.4147167973393735,0.0,21.694333333333333
2022-06-29,32.4,19.9,88.53,34.38,9.641666666666667,25.394400000000005,6.625836459277975,0.0,21.096729166666663
2022-06-30,31.9,20.6,87.86,32.62,9.066666666666666,25.038000000000004,6.48648701074377,0.0,20.527729166666667
2022-07-01,30.7,21.1,90.52,41.95,12.970833333333331,23.9688,6.361842404751466,0.69,20.029979166666667
2022-07-02,30.7,22.2,86.61,38.6,14.641666666666666,22.8492,6.658400337469423,38.344,19.660604166666666
2022-07-03,33.2,22.3,78.27,35.45,10.125,22.3344,6.582323538892791,2.088,19.328208333333333
2022-07-04,35.7,24.0,77.89,38.0,8.9125,24.141600000000004,6.899536107337218,11.153,19.006375
2022-07-05,32.4,24.1,82.44,52.21,12.708333333333334,16.9668,5.459632326254454,2.949,18.666729166666663
2022-07-06,32.6,25.4,87.15,47.94,13.679166666666667,20.34,6.15149701710328,3.375,18.5581875
2022-07-07,32.4,22.9,83.29,38.41,11.054166666666667,24.9984,6.809585096162459,0.0,18.318875
2022-07-08,33.5,21.2,80.32,28.8,8.783333333333333,25.4232,6.900727698364244,0.0,37.95183333333333
2022-07-09,33.3,20.4,76.07,31.54,9.4625,25.642800000000005,7.001911098377755,0.708,43.80070833333334
2022-07-10,35.1,21.0,81.56,28.2,8.200000000000001,25.3584,6.972881507669181,3.24,42.25608333333333
2022-07-11,35.4,20.7,88.44,18.69,10.229166666666666,24.8832,7.628892085147245,0.0,40.403083333333335
2022-07-12,35.3,19.6,73.24,22.81,10.016666666666667,25.628400000000003,7.712455800607829,4.611,38.3280625
2022-07-13,38.1,20.3,73.22,15.76,7.695833333333333,25.9884,7.692053096716769,1.323,36.75216129032258
2022-07-14,37.3,21.1,59.31,20.73,8.895833333333334,25.7112,7.947440956487006,4.149,34.81854545454545
2022-07-15,36.5,21.3,80.83,21.78,8.704166666666667,25.5744,7.491877618763939,24.239,33.5255
2022-07-16,37.3,20.9,59.22,20.81,8.9625,24.948,7.862404329097174,2.946,32.120020833333335
2022-07-17,36.2,21.5,59.47,23.58,9.475,25.29,7.821496111833778,1.623,30.777104166666664
2022-07-18,36.2,22.1,63.36,25.88,9.879166666666666,25.1136,7.802155359087795,1.608,29.519458333333333
2022-07-19,37.1,21.5,75.2,22.4,9.3125,24.3468,7.625096509045276,4.401,28.38189583333333
2022-07-20,34.4,22.7,82.58,33.52,10.4625,24.642,7.081159661188488,14.745,27.380354166666667
2022-07-21,35.3,24.6,86.01,27.94,12.208333333333334,24.541200000000003,7.7016163160200595,11.369,26.48
2022-07-22,37.2,21.6,81.18,24.49,8.545833333333333,23.936400000000003,7.229722564160817,5.198,25.64558333333333
2022-07-23,36.9,23.0,79.81,30.48,9.725,24.094800000000003,7.354834262981683,19.899,24.8990625
2022-07-24,38.3,23.2,88.13,28.16,8.4375,23.860800000000005,7.172510515338415,0.0,24.2026875
2022-07-25,43.6,23.6,73.23,11.08,7.833333333333333,20.969999999999995,7.9485569365458835,0.0,23.523375
2022-07-26,35.2,26.6,90.11,44.02,12.454166666666666,23.547600000000003,6.902233199127902,0.0,22.926666666666662
2022-07-27,34.4,25.8,86.51,47.36,9.729166666666666,21.4164,6.043929510434811,0.0,22.41722916666667
2022-07-28,35.5,25.0,82.07,37.73,9.754166666666666,25.2468,7.0950473368685465,8.274,22.004583333333333
2022-07-29,35.4,25.3,86.44,43.67,10.541666666666666,22.651200000000003,6.572029660412688,0.0,21.571375
2022-07-30,33.8,26.7,82.62,47.44,13.995833333333332,18.9576,6.277509030346209,0.191,21.088
2022-07-31,34.4,25.7,81.4,41.18,13.783333333333331,23.040000000000003,7.176950207946372,0.0,20.869645833333333
2022-08-01,35.5,23.9,83.18,34.2,9.4,23.2308,6.774791967653346,0.0,20.561375
2022-08-02,36.6,22.7,88.52,24.95,9.041666666666666,23.1876,7.017708436033749,3.005,20.1904375
2022-08-03,36.6,22.5,85.14,28.66,9.945833333333333,23.644800000000004,7.219755664846044,27.89,19.8228125
2022-08-04,35.4,22.3,76.36,27.72,10.020833333333334,21.528,6.9323277625910364,11.864,19.40702083333333
2022-08-05,36.2,22.9,80.87,25.27,11.4625,24.2532,7.758771507526549,0.0,19.108416666666667
2022-08-06,35.5,22.5,77.51,29.09,10.6375,24.912,7.452556687650688,0.0,18.819916666666668
2022-08-07,35.8,20.7,79.04,28.81,8.987499999999999,24.768000000000004,7.050883230015407,0.0,18.5523125
2022-08-08,36.0,20.9,85.63,30.26,9.2625,24.5232,6.987504083115089,0.0,18.299854166666663
2022-08-09,35.4,23.2,89.24,34.43,11.708333333333334,22.7088,6.961394490694678,0.0,18.088
2022-08-10,34.5,24.6,82.56,39.96,14.558333333333332,22.1904,7.141301571460616,0.912,17.918916666666664
2022-08-11,34.7,22.4,79.19,33.33,12.5375,23.3136,7.29137699622997,17.85,17.71077083333333
2022-08-12,37.6,21.6,84.54,21.88,7.816666666666666,20.073599999999995,6.473190998372533,6.676,17.488770833333334
2022-08-13,39.8,27.4,62.45,20.56,16.554166666666667,16.930799999999998,9.449992540496591,0.0,17.368
2022-08-14,38.7,23.1,64.57,22.19,8.458333333333334,21.5748,7.214283494121765,0.0,17.637125
2022-08-15,37.8,23.5,74.1,14.23,9.9375,19.89949090909091,7.474541039331995,0.0,17.65275
2022-08-16,36.7,21.4,82.84,20.24,9.116666666666667,23.796000000000003,7.223497591674944,0.0,17.383229166666666
2022-08-17,35.1,23.9,63.35,19.54,10.9,23.785200000000003,7.776306109400345,1.744,17.0770625
2022-08-18,34.3,21.5,74.5,22.1,8.491666666666667,22.489200000000004,6.580345119255273,6.894,16.877375
2022-08-19,33.4,22.0,84.68,35.23,9.175,22.8348,6.190771461852123,2.919,16.81475
2022-08-20,33.6,20.3,76.55,41.79,8.924999999999999,22.608000000000004,6.022775469947934,0.0,16.691625
2022-08-21,38.6,20.3,82.87,18.95,8.9125,21.7836,7.20715603715764,1.228,16.628979166666667
2022-08-22,33.4,23.1,82.27,42.09,11.1625,21.8268,6.226438456296704,0.0,16.4478125
2022-08-23,33.7,23.7,82.92,41.0,9.2375,18.1548,5.483367562322336,0.0,16.298666666666666
2022-08-24,34.6,21.8,85.43,39.75,9.241666666666664,19.8504,5.781656904144489,0.0,16.2109375
2022-08-25,34.4,23.1,88.55,40.15,9.8875,21.0204,5.977690435674396,0.92,16.217895833333333
2022-08-26,33.5,24.2,88.28,43.19,10.504166666666666,19.1268,5.623355946332123,14.337,16.073291666666666
2022-08-27,33.6,21.4,80.83,38.26,10.5625,21.2076,6.151379534842712,0.0,16.1006875
2022-08-28,32.6,23.8,85.13,47.18,12.725,11.221835294117646,4.702628131316,0.0,16.551583333333333
2022-08-29,32.1,24.4,85.33,48.87,10.654166666666669,11.185200000000002,4.272865435158648,0.0,16.444937499999998
2022-08-30,34.6,23.0,92.31,46.69,6.416666666666667,14.295600000000002,4.190830097772541,2.496,16.406041666666667
2022-08-31,34.9,22.6,91.24,37.58,9.325,17.373599999999996,5.438556485095204,7.342,16.644270833333334
2022-09-01,34.6,21.8,88.38,35.95,10.020833333333334,18.5868,5.776269674765647,27.586,17.406541666666666
2022-09-02,35.8,24.6,85.71,21.67,7.929166666666667,17.3052,5.733324771682284,5.531,18.2165
2022-09-03,33.7,23.1,70.33,24.64,8.950000000000001,18.1332,5.968864398974842,0.0,18.509854166666667
2022-09-04,34.2,19.9,80.3,26.1,9.583333333333334,19.476,6.128868182569599,0.0,18.649270833333333
2022-09-05,35.2,21.2,89.09,22.42,7.591666666666666,20.4948,5.855735657130936,0.0,18.5520625
2022-09-06,35.7,20.9,86.47,22.07,8.833333333333334,19.4688,6.164392647036699,0.0,18.14958333333333
2022-09-07,36.7,20.4,66.35,21.06,7.3625,18.6444,5.974551300670399,0.0,17.670583333333333
2022-09-08,35.1,20.7,68.28,18.51,9.170833333333333,20.808,6.600643371778952,0.0,17.209500000000002
2022-09-09,36.0,19.5,76.52,25.78,9.216666666666669,19.8324,6.325313281683766,0.0,16.88083333333333
2022-09-10,33.3,20.1,83.57,38.49,9.091666666666669,19.5444,5.431795781645901,0.0,16.5370625
2022-09-11,34.4,21.1,94.06,27.06,9.091666666666669,18.6408,5.653863317073574,0.0,16.306791666666665
2022-09-12,34.2,21.5,92.68,43.53,8.9625,14.371200000000002,4.590870506114004,0.0,16.09329166666667
2022-09-13,28.8,25.6,85.03,56.67,8.487499999999999,4.0032000000000005,2.493242470066252,0.0,15.879062500000002
2022-09-14,30.1,24.1,86.76,39.99,5.995833333333334,8.658,3.144125920556682,0.0,16.168916666666664
2022-09-15,32.4,19.6,81.67,29.75,8.241666666666665,17.121599999999997,5.072745978360199,0.0,16.723229166666666
2022-09-16,32.9,20.2,78.45,31.18,8.583333333333334,18.5868,5.358501980550842,0.0,17.270125
2022-09-17,31.4,18.9,84.51,44.96,10.0875,19.062,5.005711947086782,0.0,17.358458333333335
2022-09-18,28.8,22.8,89.59,51.34,15.716666666666669,11.8944,4.279044040948951,0.0,17.154666666666667
2022-09-19,29.2,22.5,72.24,42.26,11.633333333333333,17.298,5.160354093057572,0.0,17.2385
2022-09-20,30.1,17.5,77.44,41.94,8.454166666666667,17.621999999999996,4.563250537578611,0.0,17.1175
2022-09-21,28.8,21.0,79.74,34.78,6.4625,10.3752,3.490221392651599,0.0,16.850395833333334
2022-09-22,30.2,19.1,85.77,39.56,8.35,17.481599999999997,4.497281165215977,0.0,16.8971875
2022-09-23,30.2,18.2,88.29,41.56,7.795833333333333,16.336799999999997,4.1834424417644325,0.0,16.8024375
2022-09-24,32.3,18.2,82.99,33.15,8.1625,15.735600000000002,4.677342314028778,0.0,16.737291666666668
2022-09-25,27.3,19.6,91.41,52.2,13.058333333333332,9.324000000000002,3.467107943080283,0.0,16.998437499999998
2022-09-26,27.0,18.6,96.59,49.42,9.116666666666667,14.9292,3.567857204728992,0.0,23.2925
2022-09-27,29.1,15.7,94.7,25.62,8.395833333333334,19.1916,4.664766691454722,0.0,25.1391875
2022-09-28,30.7,16.5,63.66,24.99,9.55,19.1772,5.466722558498383,0.0,25.46075
2022-09-29,26.4,17.4,67.8,32.7,7.420833333333333,9.7092,3.5557835826240267,0.0,25.039625
2022-09-30,25.0,15.5,81.9,30.5,13.025,18.9972,4.855673474054423,0.0,24.624479166666664
2022-10-01,26.7,12.3,83.36,24.04,6.104166666666667,17.7984,3.839004725471368,0.0,24.199916666666667
2022-10-02,26.6,13.1,90.21,43.47,7.675,15.713018181818184,3.524246886774902,0.0,23.764125
2022-10-03,27.9,18.0,86.8,50.68,7.649999999999999,13.0104,3.3068628805213924,0.0,23.348041666666663
2022-10-04,28.4,18.4,97.26,44.74,6.1625000000000005,10.836000000000002,2.9165331865618183,0.0,22.90908333333333
2022-10-05,27.0,19.4,93.69,53.26,8.408333333333333,13.4352,3.206217722523834,0.0,22.44077083333333
2022-10-06,24.5,19.2,95.39,61.1,8.620833333333334,10.368,2.5238570412211314,0.0,21.94245833333333
2022-10-07,26.1,16.0,96.73,50.75,7.883333333333333,16.149599999999996,3.271366766925764,0.0,21.552333333333333
2022-10-08,26.2,18.2,91.37,52.97,9.458333333333334,13.3236,3.230024920726786,0.0,21.313916666666668
2022-10-09,26.1,17.4,93.88,49.48,7.883333333333333,9.9792,2.7894239595063968,0.0,20.9919375
2022-10-10,25.4,16.4,95.45,63.05,6.654166666666666,12.1644,2.4849724748382265,0.0,20.56308333333333
2022-10-11,25.8,15.1,97.5,53.54,5.629166666666666,12.8628,2.595898826763745,0.0,20.33302083333333
2022-10-12,25.4,16.1,92.25,51.76,7.954166666666667,11.088,2.769970728951643,0.0,20.337520833333333
2022-10-13,26.3,14.9,94.62,43.56,6.533333333333334,16.293599999999998,3.184159987376016,0.0,20.272791666666667
2022-10-14,29.9,14.4,93.88,30.36,6.325,16.210800000000003,3.678649898835469,0.0,20.215229166666667
2022-10-15,28.7,13.6,88.44,35.91,6.295833333333333,15.5124,3.428615408486496,0.0,20.061833333333333
2022-10-16,28.2,14.1,89.0,36.88,5.841666666666666,12.2328,3.0294395314880704,0.0,19.8385625
2022-10-17,27.9,18.1,94.02,51.55,9.091666666666669,13.0572,3.1993541276270743,0.0,19.75133333333333
2022-10-18,27.5,17.3,96.16,62.06,9.433333333333334,12.4308,2.8088051831207714,0.0,19.573291666666663
2022-10-19,27.4,19.9,95.09,61.92,6.316666666666666,11.174400000000002,2.456727589058741,2.933,19.43045833333333
2022-10-20,26.0,19.6,94.3,65.17,5.8,6.4476,1.8254842600446448,3.33,19.205770833333336
2022-10-21,26.4,19.3,94.65,62.13,4.941666666666667,8.809199999999999,2.0191873320677627,0.0,19.049020833333334
2022-10-22,25.6,18.8,95.3,68.19,5.216666666666667,8.0208,1.8232270806810893,0.0,18.805057142857144
2022-10-26,29.8,15.7,84.77,29.56,5.025,9.691200000000002,2.8060130635861524,0.0,18.351692307692307
2022-10-27,27.5,12.9,93.36,42.77,7.058333333333334,11.8944,2.860523281743221,0.0,17.9854375
2022-10-28,26.7,14.7,97.49,42.57,7.895833333333333,11.5776,2.850020254785478,0.0,17.806145833333332
2022-10-29,24.8,14.6,94.98,57.85,7.7625,10.522800000000002,2.288946421414666,0.0,17.604916666666668
2022-10-30,24.2,15.8,97.13,63.96,6.976,8.256384,1.876233011248159,0.0,17.629739130434782
2022-10-31,25.4,15.7,98.22,56.06,4.741666666666666,9.072,1.8915016138577456,0.0,17.572208333333332
2022-11-01,27.8,16.2,97.19,39.12,6.633333333333333,11.5344,2.752160662088877,0.0,17.505145833333334
2022-11-02,25.6,17.0,93.67,57.63,6.258333333333333,10.263600000000002,2.156758630656097,0.0,17.389395833333335
2022-11-03,25.2,16.4,96.22,48.9,5.9750000000000005,8.460000000000003,2.097140510759,0.037,17.316020833333333
2022-11-04,25.9,14.1,83.96,24.69,9.566666666666666,9.1764,3.505005264810321,0.0,17.138395833333334
2022-11-05,24.4,13.2,69.6,19.11,9.2,11.9808,3.627999077544224,0.0,16.802333333333333
2022-11-06,25.8,8.4,85.09,31.14,5.7,11.8512,2.579704562256072,0.0,16.639979166666667
2022-11-07,24.4,7.6,90.0,30.31,6.3,11.538,2.5653656367896445,0.0,16.551416666666665
2022-11-08,23.3,12.1,94.38,41.81,4.983333333333333,8.323199999999998,1.9028186507894755,0.0,16.491354166666667
2022-11-09,25.3,10.4,88.23,36.52,5.9125000000000005,10.159199999999998,2.3778101234672704,0.0,16.534812499999997
2022-11-10,22.3,12.5,88.05,48.57,9.208333333333334,10.6812,2.407246134401238,0.0,16.427604166666665
2022-11-11,19.1,13.3,95.85,73.75,7.783333333333334,5.9364,1.2806307793568308,0.0,16.3544375
2022-11-12,23.8,18.4,92.87,61.97,13.9125,9.9864,2.4649835796113093,0.0,16.786166666666666
2022-11-13,23.0,15.6,93.79,59.8,7.516666666666667,9.651599999999998,1.9105044179156336,0.0,17.103520833333334
2022-11-14,23.9,14.4,97.34,45.42,5.283333333333333,11.008800000000004,1.9381173617799,0.0,17.333916666666667
2022-11-15,23.6,12.1,94.24,47.7,6.841666666666666,7.254,1.9930701747964363,0.0,17.513875
2022-11-16,22.8,16.4,93.81,40.26,8.6375,4.6512,2.245370475208837,0.0,17.717666666666666
2022-11-17,26.8,13.7,87.93,33.51,10.145833333333334,11.4588,3.287632173022592,0.0,17.853104166666665
2022-11-18,18.4,14.4,83.0,51.06,9.6,2.0340000000000003,1.9398444353167044,0.0,17.814833333333333
2022-11-19,17.2,10.4,67.33,29.99,18.0375,11.876400000000002,3.6337278699607074,0.0,17.53425
2022-11-20,22.1,8.6,75.73,34.05,10.741666666666667,11.5704,2.998849615910999,0.0,17.561062500000002
2022-11-21,22.3,7.5,87.34,42.5,11.375,7.0812,2.688681960875756,0.0,17.645520833333332
2022-11-22,19.9,10.5,68.31,31.35,10.6375,8.452799999999998,2.914206086233464,0.0,17.6321875
2022-11-23,26.8,11.1,81.09,35.08,11.766666666666666,7.966799999999999,3.5436779138882257,0.0,17.695770833333334
2022-11-24,23.7,10.3,93.65,48.13,5.729166666666667,10.4328,1.8197135195621428,0.0,17.618479166666667
2022-11-25,23.8,10.9,91.54,34.76,8.975,9.6552,2.6070582437110965,0.0,17.524916666666666
2022-11-26,20.5,9.0,87.29,26.4,5.5625,11.0052,1.9038215643418968,0.0,17.097020833333335
2022-11-27,18.5,4.9,100.0,43.52,3.9791666666666665,10.209600000000002,1.270332477753971,0.0,16.876437499999998
2022-11-28,19.3,8.2,93.62,25.11,14.820833333333333,11.1384,3.157146146551566,0.0,16.856708333333334
2022-11-29,19.3,10.1,56.02,29.13,13.016666666666666,10.7856,3.367427037642716,0.0,16.682
2022-11-30,18.3,5.4,81.87,40.09,3.75,8.982,1.2955836519948785,0.0,16.642958333333333
2022-12-01,15.9,9.7,100.0,57.74,4.8625,4.4064000000000005,1.0457590845541958,0.0,16.679979166666666
2022-12-02,14.8,11.8,91.75,60.4,12.075,3.4128000000000003,1.516756401359033,0.089,16.643666666666665
2022-12-03,17.8,8.7,87.38,46.63,7.8125,8.935200000000002,1.7127350152951295,0.0,16.6303125
2022-12-04,19.1,7.0,96.73,52.65,5.741666666666667,8.204399999999998,1.3673428380049193,0.0,16.511354166666667
2022-12-05,19.0,10.0,97.96,58.71,8.141666666666667,8.809199999999999,1.4667252101471304,0.0,16.653354166666666
2022-12-06,18.0,12.5,100.0,74.26,4.333333333333333,5.1228,0.8772893408238553,0.0,16.723166666666668
2022-12-07,19.8,12.5,98.07,60.54,3.9625,7.6428,1.100739463169204,0.0,16.844270833333333
2022-12-08,19.2,12.2,99.79,55.46,4.579166666666667,5.241599999999999,1.1487564003766164,0.018,16.881416666666667
2022-12-09,20.2,11.8,97.55,57.99,8.829166666666667,3.7944,1.543691452306975,0.0,16.922125
2022-12-10,21.9,10.6,86.89,36.86,8.625,7.401600000000001,2.2867586292894613,0.228,16.95779166666667
2022-12-11,15.0,12.1,92.46,63.93,4.904166666666667,3.3912,0.9857507720921072,0.0,16.983145833333335
2022-12-12,22.1,9.0,99.23,47.76,9.0625,6.3180000000000005,1.9639399944481883,0.046,17.084791666666664
2022-12-13,24.4,18.3,82.87,43.66,13.645833333333334,3.4919999999999995,3.031268454553114,0.0,17.452354166666666
2022-12-14,22.1,16.7,94.24,48.49,10.404166666666669,4.6116,2.073758760429908,0.0,17.487916666666667
2022-12-15,19.8,12.0,95.43,50.45,9.791666666666666,5.4468,1.8177807303238644,0.0,17.3635
2022-12-16,18.0,6.8,95.4,49.04,6.258333333333333,6.566400000000001,1.3963091303052642,0.0,17.141854166666665
2022-12-17,18.7,7.1,93.75,51.08,4.920833333333333,8.492400000000002,1.241173675438977,0.0,17.3090625
2022-12-18,17.8,6.2,97.63,61.66,5.4,8.8236,1.0929980700953152,0.0,17.245583333333332
2022-12-19,17.4,9.4,97.82,68.8,5.05,7.365600000000001,0.9657969239408392,0.0,17.324229166666665
2022-12-20,18.3,9.9,97.71,58.85,6.316666666666666,8.103600000000002,1.2352001714418392,0.0,17.503416666666666
2022-12-21,22.0,8.1,92.71,37.08,7.279166666666666,7.347600000000001,2.01942088182642,0.0,17.6119375
2022-12-22,22.2,10.8,81.9,42.16,11.1875,9.810000000000002,2.568470190135693,0.0,17.731416666666668
2022-12-23,22.9,11.5,87.48,40.98,9.141666666666667,9.5832,2.302261779550141,0.502,17.698354166666665
2022-12-24,24.2,8.0,92.57,36.26,5.2250000000000005,9.961200000000002,1.7787278972025782,0.0,17.635020833333332
2022-12-25,22.7,6.0,100.0,37.79,4.325,9.788400000000005,1.470941290170959,0.0,17.568708333333333
2022-12-26,22.8,6.1,95.62,33.67,4.308333333333334,9.1332,1.5460167014790815,0.0,17.5055
2022-12-27,22.2,5.3,87.72,30.76,4.1375,9.8352,1.5283081546469308,0.0,17.383041666666667
2022-12-28,19.7,3.5,93.39,39.54,4.379166666666666,8.978400000000002,1.36019090311227,0.0,17.2350625
2022-12-29,20.3,4.0,88.86,31.62,5.391666666666667,9.086400000000005,1.7067790297694896,2.664,17.1479375
2022-12-30,21.6,5.8,89.28,34.29,5.429166666666667,8.819999999999999,1.7508987818982416,0.0,17.204520833333333
2022-12-31,20.7,5.3,82.88,34.2,4.458333333333333,8.992799999999999,1.5353979634314332,0.0,17.072104166666666
2023-01-01,17.9,4.2,92.54,39.12,3.783333333333333,8.7588,1.1981871017393098,0.02,16.9126875
2023-01-02,20.2,4.3,90.89,34.53,3.945833333333333,9.691200000000002,1.375020466541323,0.0,16.955895833333333
2023-01-03,19.8,6.9,93.97,53.28,4.875,9.5004,1.296434595597933,0.0,17.0696875
2023-01-04,17.0,8.1,97.68,61.51,4.883333333333334,7.837199999999998,1.0632084339980543,0.0,16.93497916666667
2023-01-05,17.2,5.0,95.66,53.3,4.145833333333333,9.648,1.0995424038848731,0.0,16.6393125
2023-01-06,18.4,3.0,97.25,46.78,4.829166666666667,10.7136,1.307588024315835,0.0,16.428166666666666
2023-01-07,18.3,3.1,93.61,39.42,5.520833333333333,10.911600000000002,1.517718785377326,0.0,16.400229166666666
2023-01-08,21.3,6.1,88.11,48.78,8.570833333333335,4.0716,1.99717186227834,0.0,16.713145833333332
2023-01-09,24.3,14.7,69.18,35.3,12.1875,8.816400000000002,3.42802447995268,0.0,16.8490625
2023-01-10,21.8,8.1,89.18,41.67,5.579166666666667,10.274400000000002,1.7436037482633504,0.0,16.559166666666666
2023-01-11,20.6,6.1,89.76,41.22,10.158333333333331,10.447200000000002,2.345859255599858,0.109,16.42425
2023-01-12,18.9,8.1,93.03,46.43,5.645833333333333,10.2492,1.5189942359237258,0.7,16.40625
2023-01-13,19.3,6.1,91.2,31.58,8.295833333333333,9.950400000000002,2.202268119317281,0.0,16.184229166666665
2023-01-14,19.1,1.6,88.58,38.54,4.975,10.962,1.585397345727314,0.0,16.038666666666668
2023-01-15,22.5,4.0,90.16,28.58,9.808333333333334,10.393200000000002,2.902032909394604,0.0,16.09808333333333
2023-01-16,20.3,6.2,78.72,28.01,12.616666666666667,8.9748,3.2020435221320738,1.071,16.085125
2023-01-17,23.0,14.2,49.29,22.71,23.141666666666666,11.0232,5.916618420509645,0.0,16.248520833333334
2023-01-18,13.2,6.5,77.08,31.89,22.016666666666666,10.7856,3.093716518739261,0.0,15.847125
2023-01-19,16.0,7.1,46.33,22.02,15.9875,11.4804,3.779051953129173,0.0,15.695020833333333
2023-01-20,19.3,7.1,77.81,39.12,12.033333333333331,11.9772,2.7342415976278622,0.0,15.940291666666669
2023-01-21,17.5,5.0,86.9,27.82,10.741666666666667,11.8332,2.593745571659505,0.0,15.944249999999998
2023-01-22,12.6,3.4,56.17,20.56,12.641666666666666,12.0852,2.83242190523354,0.0,15.571583333333336
2023-01-23,12.4,4.0,60.11,24.82,11.020833333333334,11.7216,2.511081575733804,0.0,15.413125
2023-01-24,10.3,0.9,78.62,47.04,9.5375,7.995600000000002,1.587711605173529,64.611,15.396666666666668
2023-01-25,14.0,2.1,76.6,40.68,10.225,10.1736,2.071371698106807,6.412,15.4078125
2023-01-26,13.5,2.9,76.0,35.83,11.545833333333334,12.0744,2.2927681334550414,0.0,15.4013125
2023-01-27,14.6,1.2,72.74,26.91,7.745833333333334,11.952000000000002,2.1400305148607024,0.0,15.3111875
2023-01-28,13.4,3.6,93.3,31.64,6.091666666666666,12.8592,1.6618375377520964,1.227,15.235
2023-01-29,13.5,-1.3,84.16,40.53,8.533333333333333,13.1292,1.8721400518746392,0.0,15.237541666666669
2023-01-30,14.6,0.6,93.2,34.97,5.558333333333334,13.9644,1.6689847224633665,0.0,15.333458333333333
2023-01-31,17.9,1.4,93.25,21.05,8.266666666666667,15.386400000000002,2.566660465690517,0.0,15.2458125
2023-02-01,15.7,0.4,93.35,39.3,6.75,15.282,1.8817504408731736,0.0,15.252125
2023-02-02,16.0,2.6,93.96,34.79,5.0375000000000005,13.6296,1.725918773774721,0.256,15.396416666666669
2023-02-03,16.8,-0.6,93.4,30.97,6.095833333333334,12.888,1.9921564055883665,10.826,15.284375
2023-02-04,21.6,-0.9,90.75,13.22,6.354166666666667,15.256800000000002,2.8107160579744805,0.0,15.274354166666669
2023-02-05,17.6,0.4,93.45,27.55,7.899999999999999,18.1764,2.498676173864863,0.0,15.326145833333332
2023-02-06,13.0,2.7,99.29,71.66,10.583333333333334,9.2052,1.2354123222942657,0.0,15.294125
2023-02-07,13.4,7.0,87.12,52.77,8.745833333333334,12.6252,1.8108191497477413,8.748,15.230979166666666
2023-02-08,16.0,9.2,94.16,48.87,9.954166666666667,11.754,2.058035057005751,1.87,15.3294375
2023-02-09,13.3,8.5,92.15,53.95,9.829166666666667,6.4152000000000005,1.6343258174769777,0.0,15.4139375
2023-02-10,12.5,4.2,91.98,51.8,7.704166666666667,8.434800000000001,1.5432223064139086,0.091,15.390791666666669
2023-02-11,13.0,5.6,96.34,66.93,12.820833333333333,7.498800000000001,1.4356920438558105,0.0,16.480395833333333
2023-02-12,13.4,8.7,88.72,64.1,10.354166666666666,9.723600000000005,1.6555906623692445,0.0,20.172416666666667
2023-02-13,14.0,6.3,92.13,61.56,8.283333333333333,7.844400000000002,1.5055484978415412,0.0,21.81770833333333
2023-02-14,13.5,9.0,88.84,69.3,11.095833333333331,7.693200000000001,1.5243769430397622,0.0,22.891791666666663
2023-02-15,15.1,10.9,87.71,66.14,13.966666666666669,9.1332,1.9003363607656825,0.0,23.5106875
2023-02-16,16.9,6.4,95.09,46.81,10.029166666666669,17.643599999999996,2.472040220272801,0.0,23.8255
2023-02-17,16.0,6.7,87.73,52.81,11.4,13.4604,2.298835780740151,0.0,23.829979166666664
2023-02-18,15.3,10.6,94.27,61.45,8.958333333333334,8.697600000000001,1.693044432143541,0.0,23.907750000000004
2023-02-19,18.6,7.2,93.55,41.21,8.5,17.4456,2.6704603389411057,0.0,23.65397916666667
2023-02-20,17.8,5.3,92.99,40.56,8.3,16.5348,2.5636562994698258,0.0,23.284729166666665
2023-02-21,20.5,6.8,95.55,48.11,5.820833333333333,15.4008,2.3423213336240774,0.0,23.19158333333333
2023-02-22,22.8,7.3,93.94,31.38,7.2,16.56,3.092204331311503,0.0,23.1654375
2023-02-23,18.8,8.8,99.53,55.15,6.125,11.61,1.9592717338652004,0.0,22.998541666666668
2023-02-24,14.6,8.0,78.0,31.46,9.033333333333331,7.6032,2.4223448383920245,0.0,22.52883333333333
2023-02-25,16.3,1.5,82.53,28.38,9.05,15.1092,2.835607907594264,0.0,22.1595
2023-02-26,16.4,3.5,74.41,26.75,15.054166666666667,19.602,3.7741484516326,0.0,21.8871875
2023-02-27,12.2,5.6,40.11,16.0,19.3875,22.626,4.511914196949087,0.0,21.538625
2023-02-28,16.0,4.5,57.63,21.31,12.066666666666668,21.2364,3.837114162076795,0.0,21.227666666666668
2023-03-01,15.1,0.3,92.13,31.39,8.4125,16.6212,2.621046881641914,0.0,20.99789583333333
2023-03-02,14.2,1.3,72.4,22.68,11.570833333333333,20.5704,3.343057435538221,0.0,20.725875
2023-03-03,17.3,1.1,75.77,23.46,11.3625,20.3976,3.669749254256106,0.0,20.60772916666667
2023-03-04,17.9,1.4,88.51,37.3,6.8875,17.1936,2.695175311849766,0.0,20.58264583333333
2023-03-05,19.1,2.5,91.6,22.09,5.270833333333333,11.8836,2.536205671598508,0.0,20.4768125
2023-03-06,19.7,6.3,94.75,36.07,8.408333333333333,14.13,2.912085691103543,0.0,20.420416666666664
2023-03-07,24.4,9.0,89.17,22.1,8.204166666666667,14.5404,3.787826375560005,0.0,20.49975
2023-03-08,26.8,9.6,77.85,33.62,7.029166666666666,17.596799999999998,3.852449334096672,0.0,20.618125
2023-03-09,23.8,12.9,78.44,38.71,7.254166666666666,7.3728,2.8249815355217684,0.781,20.377
2023-03-10,27.1,13.8,65.87,21.54,15.216666666666669,16.7724,5.995826109155184,2.146,20.246604166666668
2023-03-11,29.5,12.7,66.29,21.23,10.329166666666667,18.5616,5.47930043521447,8.089,20.199541666666665
2023-03-12,28.9,17.4,62.71,29.73,10.7875,18.3744,5.34043415648152,0.0,20.1249375
2023-03-13,28.9,11.1,80.46,20.51,6.716666666666666,18.421199999999995,4.401151128942237,0.0,19.922125
2023-03-14,25.6,12.2,58.01,16.34,12.65,18.4932,5.706301755106389,0.0,19.541
2023-03-15,23.9,9.7,91.97,24.99,8.7125,19.512,4.152849540758844,0.0,19.216979166666665
2023-03-16,23.3,9.5,97.59,26.58,9.3625,19.8216,4.119890383232495,0.394,18.963854166666668
2023-03-17,22.6,7.6,88.81,36.08,7.520833333333333,18.8064,3.5810352055095285,0.0,18.689041666666665
2023-03-18,20.8,10.9,90.93,39.19,7.508333333333333,7.056000000000001,2.5103170315986687,0.477,18.46014583333333
2023-03-19,21.7,9.5,85.76,34.96,10.720833333333331,20.0016,4.063206607764322,0.821,18.251854166666664
2023-03-20,23.2,6.9,87.44,31.0,6.6375,20.9808,3.806139959007598,0.0,18.124166666666667
2023-03-21,24.8,7.6,88.74,23.23,7.3625,19.3104,4.1578138750658304,0.0,18.01845833333333
2023-03-22,25.6,7.5,94.39,25.76,7.204166666666667,20.16,4.205337621940647,0.0,17.921666666666667
2023-03-23,27.8,7.5,89.59,10.42,7.404166666666666,21.0816,4.972708502101811,0.0,17.792791666666666
2023-03-24,28.4,9.3,61.33,22.48,6.579166666666667,17.3268,4.4898330212075415,0.0,36.87685416666667
2023-03-25,28.5,13.2,70.16,22.29,8.720833333333333,21.3804,5.332799082032577,0.0,46.38425
2023-03-26,30.8,11.9,75.54,17.93,9.339130434782607,23.1176347826087,6.027438920222892,0.0,45.652479166666666
2023-03-27,25.5,14.0,61.99,14.83,12.15,22.489200000000004,6.057719485046592,0.0,44.49720833333333
2023-03-28,22.3,7.7,82.01,39.07,9.4375,21.6648,4.131135933693118,0.0,43.495875000000005
2023-03-29,24.3,10.0,90.35,27.71,6.691666666666666,22.132800000000003,4.233945668500338,0.0,42.5791875
2023-03-30,31.3,9.3,94.18,18.21,10.0125,21.06,6.046017947715919,0.0,41.54691666666667
2023-03-31,31.0,17.4,52.88,13.87,11.279166666666669,20.8116,6.883157695496106,1.713,40.264854166666666
2023-04-01,27.1,19.1,49.2,25.13,14.025,13.7304,6.145872325791781,3.661,38.95645833333334
2023-04-02,23.8,14.6,50.53,16.98,21.1625,23.5224,7.528339946609021,0.037,37.76314583333333
2023-04-03,21.9,10.4,68.61,18.17,10.379166666666666,22.7844,5.077888100061228,0.0,36.69777083333333
2023-04-04,21.2,9.0,87.38,38.93,9.091666666666669,22.478400000000004,4.088615436306889,0.0,35.85708333333333
2023-04-05,20.8,10.2,93.55,37.01,10.254166666666666,23.238,4.216182940068435,3.196,35.0281875
2023-04-06,21.6,6.1,83.9,23.56,9.920833333333333,22.086,4.590703510951357,0.0,34.061083333333336
2023-04-07,22.8,6.6,84.25,23.4,7.604166666666667,23.9472,4.550648849799665,0.0,33.193958333333335
2023-04-08,29.6,7.2,81.11,9.85,8.9125,23.868,6.192141543006586,0.119,32.38245833333333
2023-04-09,27.1,11.0,91.31,28.89,8.516666666666667,22.5468,5.032878277496359,0.055,31.4940625
2023-04-10,29.1,10.7,88.79,28.73,9.241666666666664,22.212,5.4503257033744825,0.294,30.62558333333333
2023-04-11,25.6,15.9,91.05,43.16,9.295833333333333,20.9376,4.533802282818326,0.137,29.78108333333333
2023-04-12,31.7,12.2,91.68,12.59,11.470833333333331,23.428800000000003,7.01489432218833,0.0,28.902666666666665
2023-04-13,24.7,17.3,54.23,20.06,14.9875,20.4192,6.595466897342261,1.633,27.906791666666667
2023-04-14,26.4,10.5,75.27,17.62,10.229166666666666,22.6152,5.77346191168812,3.389,26.97247916666667
2023-04-15,29.5,16.1,58.32,15.93,14.2,24.6456,7.668956929873462,0.0,26.335270833333336
2023-04-16,22.0,15.0,66.49,35.29,13.7875,24.5268,5.533402387566331,0.0,25.883125000000003
2023-04-17,22.8,9.5,83.63,35.07,9.0125,24.7284,4.725494183910799,0.182,25.217250000000003
2023-04-18,21.7,9.7,78.46,39.15,11.941666666666665,24.224400000000003,4.802353400205079,0.0,24.58575
2023-04-19,22.0,11.9,79.28,30.25,13.816666666666668,22.9032,5.247874393869585,0.0,40.45858333333333
2023-04-20,27.8,12.0,73.69,22.67,9.0375,24.8796,5.894341927500974,0.0,46.93547916666666
2023-04-21,27.4,11.4,79.27,17.63,9.654166666666669,24.372,5.997071329099557,0.0,45.974041666666665
2023-04-22,27.1,13.3,90.85,26.88,7.1000000000000005,18.1188,4.538932740471674,0.0,45.078854166666666
2023-04-23,29.1,12.9,78.09,22.56,8.216666666666667,26.4888,6.068200391282214,0.0,44.25120833333333
2023-04-24,27.7,13.4,67.36,28.33,9.85,25.9812,6.12229768543425,0.01,43.11922916666666
2023-04-25,33.7,14.5,75.52,16.63,8.708333333333334,26.4492,7.086939985834684,0.0,42.104375
2023-04-26,29.9,16.6,85.97,31.68,11.470833333333331,26.301600000000004,6.501793675137885,0.0,41.28608333333333
2023-04-27,29.0,16.2,93.62,38.69,10.25,23.76,5.590533570951265,0.0,40.58433333333333
2023-04-28,29.8,15.2,93.55,29.97,9.908333333333331,20.2896,5.546435484250442,0.0,39.87877083333333
2023-04-29,34.1,19.0,68.12,18.99,11.629166666666668,17.773199999999996,7.111959049251329,0.0,39.20495833333333
2023-04-30,28.3,17.1,87.42,40.95,9.1625,3.6936,3.1090372521409586,0.0,38.82302083333334
2023-05-01,29.3,17.5,95.68,32.01,10.054166666666667,23.49,5.7925948626642905,0.0,40.73708333333333
2023-05-02,30.0,15.1,93.67,25.58,9.879166666666666,24.2964,6.16473537080338,0.0,40.5758125
2023-05-03,27.3,16.0,90.99,27.52,10.479166666666666,24.4512,5.8601069473540095,0.0,39.95497916666667
2023-05-04,28.9,13.2,80.27,29.41,8.270833333333334,22.9716,5.606099125530445,0.0,39.31704166666667
2023-05-05,28.9,14.3,86.5,31.09,11.170833333333334,26.204400000000003,6.328316300132284,0.0,38.76945833333333
2023-05-06,28.2,15.4,88.19,21.8,10.120833333333334,23.922,6.101020349838983,0.0,38.06554166666667
2023-05-07,27.9,17.7,91.41,37.53,9.166666666666666,19.6776,4.989890721211685,0.0,37.29164583333333
2023-05-08,28.7,15.4,84.24,32.59,8.429166666666667,25.4736,5.826154473818158,0.0,36.383229166666666
2023-05-09,32.4,17.1,92.58,26.72,9.2125,25.016400000000004,6.529177658782539,0.0,35.53360416666667
2023-05-10,27.1,18.8,90.11,39.75,12.741666666666667,27.072,6.111828229404474,0.0,34.60927083333333
2023-05-11,24.8,18.6,86.26,41.82,13.420833333333334,15.1704,4.59191886781788,0.0,33.655791666666666
2023-05-12,23.3,14.7,93.17,46.91,11.375,11.0772,3.46480973537736,0.0,32.76747916666667
2023-05-13,22.7,13.2,94.97,36.17,7.833333333333333,17.578799999999998,3.981242649140222,0.0,32.83885416666667
2023-05-14,25.8,10.5,88.87,23.4,11.458333333333334,28.0512,6.24691131448324,0.0,33.04866666666667
2023-05-15,27.2,14.1,77.48,17.76,12.841666666666669,25.2216,6.852642865533687,0.0,32.900395833333334
2023-05-16,26.8,15.5,83.11,19.5,15.708333333333334,29.4948,7.449148851736823,0.0,32.51875
2023-05-17,24.0,14.3,81.15,32.48,12.016666666666666,23.7456,5.545413401267064,0.0,32.038583333333335
2023-05-18,23.0,16.2,83.76,39.78,10.7625,22.4928,4.97282263722678,1.914,33.910020833333334
2023-05-19,22.9,13.8,80.85,41.39,10.1625,18.7416,4.4620830038483685,0.444,35.11654166666667
2023-05-20,24.1,13.6,87.53,39.17,9.291666666666666,22.6836,4.87468627347495,0.0,34.769333333333336
2023-05-21,23.1,12.5,96.04,39.4,8.920833333333333,21.3984,4.455504511669394,0.0,34.01525
2023-05-22,22.0,16.4,88.29,56.25,15.316666666666668,13.669200000000002,3.687220614714341,0.0,34.8558125
2023-05-23,20.3,14.8,98.11,65.32,10.441666666666666,10.1268,2.4506681955284524,0.0,44.72170833333333
2023-05-24,20.9,15.8,95.52,66.32,4.504166666666667,9.594000000000005,2.1942774300235586,1.089,46.15672916666667
2023-05-25,26.6,14.2,96.03,40.29,7.7375,21.7404,4.788152574560141,0.0,45.5119375
2023-05-26,24.9,16.2,96.28,54.31,12.7375,23.0364,4.745905095978288,0.0,45.41229166666667
2023-05-27,24.9,16.6,91.8,49.11,16.6375,20.592,4.992544382558457,0.0,44.905375
2023-05-28,25.1,15.8,93.55,48.83,7.779166666666666,15.695999999999998,3.791643001044957,0.0,45.62270833333333
2023-05-29,26.7,15.2,95.44,40.78,8.083333333333334,15.3036,4.099735351114245,0.147,46.64620833333333
2023-05-30,26.0,16.8,92.02,44.47,6.695833333333333,14.2092,3.698606025929685,0.0,45.99610416666667
2023-05-31,28.0,17.5,91.18,39.8,6.358333333333333,20.9088,4.798051530358584,0.0,46.07927083333333
2023-06-01,25.4,16.0,93.04,50.89,8.4125,22.5612,4.664593060135035,0.0,46.66958333333333
2023-06-02,24.6,17.6,85.5,54.49,10.095833333333331,18.0468,4.244451004585771,0.0,46.165937500000005
2023-06-03,24.0,17.7,93.62,59.53,8.320833333333333,16.6212,3.6477583394122006,0.0,45.63754166666666
2023-06-04,27.0,17.6,92.65,44.83,7.591666666666666,22.482,4.93944377767926,0.0,45.0799375
2023-06-05,27.2,16.6,92.81,48.29,8.258333333333333,23.994,5.106023261144808,0.0,44.3194375
2023-06-06,27.9,17.7,93.14,41.0,9.170833333333333,29.61,6.175432315988438,0.5,43.50325
2023-06-07,21.7,19.0,91.55,77.4,5.883333333333333,7.506,1.9449142984991472,0.0,42.88375
2023-06-08,25.3,18.0,95.68,60.65,7.270833333333333,18.5112,3.892182850730317,1.642,42.97341666666667
2023-06-09,29.8,18.6,95.62,43.87,7.179166666666667,29.5884,6.170986965944468,0.547,43.305375
2023-06-10,31.8,20.9,82.78,35.35,8.75,28.656,6.910037665897037,0.19,43.12377083333333
2023-06-11,32.0,19.1,84.16,32.49,6.5875,27.716400000000004,6.419053207770392,3.662,42.5484375
2023-06-12,28.6,21.6,88.19,45.29,9.029166666666669,24.811200000000003,5.746291394760691,1.642,41.787958333333336
2023-06-13,31.2,19.9,90.39,37.16,8.7875,24.5376,6.116796494284134,0.0,41.05264583333334
2023-06-14,31.3,18.3,91.36,33.11,9.054166666666667,25.8408,6.405239104814826,0.0,40.43772916666666
2023-06-15,32.6,19.0,94.02,31.26,8.333333333333334,25.5744,6.460334548536638,0.0,39.84364583333333
2023-06-16,32.5,19.4,93.97,33.39,8.170833333333333,29.466000000000005,6.8991866814943466,0.0,39.120354166666665
2023-06-17,32.9,19.0,94.06,27.65,8.920833333333333,30.6792,7.371188883755071,0.0,38.38410416666667
2023-06-18,30.8,22.0,78.5,29.3,13.608333333333334,13.096800000000002,5.9489227291441615,0.0,37.653375
2023-06-19,32.8,21.0,73.8,29.25,10.183333333333334,27.2736,7.422081004647448,0.0,37.159979166666666
2023-06-20,32.3,21.0,88.44,36.68,10.770833333333334,27.1584,6.975424347314692,0.0,36.66010416666666
2023-06-21,31.4,22.0,94.06,46.52,9.383333333333333,21.4488,5.522596170525131,0.415,36.15554166666667
2023-06-22,34.2,22.6,83.22,34.57,9.004166666666666,25.5816,6.9240566436450806,0.456,35.74014583333334
2023-06-23,30.9,22.0,79.07,41.17,12.2375,31.158,7.528941817516382,0.046,35.34979166666667
2023-06-24,33.1,20.6,79.65,34.3,8.012500000000001,31.233600000000003,7.360840783976847,0.0,34.888416666666664
2023-06-25,36.7,20.3,70.89,25.94,6.8625,34.542,8.249999910737996,0.0,34.49225
2023-06-26,35.2,22.3,79.37,27.73,10.045833333333333,25.9884,7.580564114846495,0.0,34.1241875
2023-06-27,35.1,22.8,73.6,25.94,10.508333333333333,29.962800000000005,8.344190659606607,0.0,33.704166666666666
2023-06-28,34.2,21.7,83.75,33.56,11.345833333333331,29.0916,7.815463235759157,0.0,33.404270833333335
2023-06-29,33.4,22.4,90.26,47.87,9.325,29.664,6.989531012131548,1.988,33.1543125
2023-06-30,31.0,24.6,87.35,51.24,14.2625,23.6016,6.290830470078083,0.721,31.253291666666662
2023-07-01,32.0,24.3,81.28,45.01,9.483333333333333,29.109600000000004,7.031592014906997,0.0,30.0455
2023-07-02,33.7,22.4,86.84,37.45,9.341666666666669,28.904400000000003,7.2413847058796605,0.0,29.786708333333333
2023-07-03,33.6,22.2,77.15,37.3,10.9,29.9772,7.758909780026429,0.0,29.50045833333333
2023-07-04,36.8,22.7,91.52,29.45,9.491666666666667,32.7672,8.457840473463179,2.086,29.256666666666664
2023-07-05,31.8,24.9,87.28,51.36,12.1875,27.0,6.703149700418878,0.091,28.94802083333333
2023-07-06,32.2,24.7,85.67,49.28,11.25,28.4328,6.968636709755622,0.0,28.661708333333333
2023-07-07,33.6,24.5,83.59,36.17,10.925,28.882800000000003,7.618198275722517,0.073,28.441166666666664
2023-07-08,35.4,23.5,83.81,40.95,8.783333333333333,28.828800000000005,7.355951416413249,0.0,28.223416666666665
2023-07-09,35.8,24.4,83.62,36.32,8.708333333333334,28.9116,7.555305491360571,0.0,28.0040625
2023-07-10,36.2,24.4,86.31,41.37,11.658333333333331,25.722,7.437026655579185,0.0,27.7378125
2023-07-11,37.7,24.2,87.02,33.65,8.075000000000001,21.6648,6.587398964443915,0.0,27.442604166666666
2023-07-12,40.5,25.4,89.15,24.11,10.833333333333334,25.4808,8.551453745921798,0.0,27.279187500000003
2023-07-13,33.8,25.9,86.44,49.57,12.583333333333334,26.5212,7.054710978662896,0.0,27.07270833333333
2023-07-14,35.3,25.3,84.54,41.28,8.275,24.4476,6.617300489604647,0.0,26.843166666666665
2023-07-15,37.7,24.8,85.25,32.88,9.233333333333333,26.2872,7.596055843415,0.0,26.65516666666667
2023-07-16,33.9,25.4,81.07,50.35,12.858333333333334,24.624,6.888641355671556,0.0,26.362125
2023-07-17,34.6,25.2,89.11,48.36,13.091666666666669,25.1964,6.978038918168961,0.0,26.16925
2023-07-18,38.1,24.1,87.07,37.76,9.195833333333336,26.3052,7.460655725017951,0.0,26.010291666666664
2023-07-19,41.8,25.7,87.31,18.77,11.0375,23.104800000000004,8.703275617508293,0.0,25.809125
2023-07-20,33.9,27.1,87.95,58.41,8.395833333333334,11.232,3.860533659194593,0.0,25.42475
2023-07-21,37.0,24.0,89.94,17.09,9.754166666666666,19.638,7.058482716518926,0.0,25.186729166666662
2023-07-22,33.0,24.9,89.2,49.04,10.3375,18.4536,5.404553150809352,0.0,25.20539583333333
2023-07-23,34.6,24.7,90.13,48.22,9.633333333333333,20.2212,5.763832982480467,0.0,25.1636875
2023-07-24,38.6,26.4,87.09,27.1,8.15,20.0952,6.635698488136539,0.0,25.111125
2023-07-25,36.8,25.0,60.69,22.3,10.904166666666669,25.4952,8.40747832584771,0.0,24.978416666666664
2023-07-26,32.6,25.8,85.46,50.05,13.754166666666668,22.788,6.433801407575918,0.0,24.792166666666663
2023-07-27,34.2,25.1,85.76,42.44,9.795833333333333,25.0308,6.71060417060581,0.0,24.641166666666667
2023-07-28,34.8,24.2,83.79,43.83,9.183333333333334,25.884,6.780205924906356,0.0,24.5423125
2023-07-29,36.8,23.9,86.46,30.8,8.5375,25.380000000000003,7.143087036307279,0.0,24.44304166666667
2023-07-30,35.5,24.3,79.21,39.64,10.545833333333333,25.945200000000003,7.294784921052857,0.0,24.306395833333337
2023-07-31,35.7,24.2,84.92,41.3,8.566666666666666,24.9876,6.696226201269679,0.0,24.16133333333333
2023-08-01,39.0,23.4,81.93,19.4,9.6,26.1396,8.196988000896146,0.0,24.03302083333333
2023-08-02,39.6,24.1,87.86,16.84,9.441666666666666,25.542,8.166947228274175,0.0,23.883104166666666
2023-08-03,36.9,25.7,80.63,25.13,13.4375,26.312400000000004,8.64851834208128,0.0,23.7328125
2023-08-04,31.6,26.0,83.95,40.63,15.7125,20.322,6.5915059363969934,0.0,23.537729166666665
2023-08-05,34.0,20.9,70.56,23.59,7.975,26.0352,6.941528247582908,0.0,23.28845833333333
2023-08-06,35.2,21.0,76.65,27.13,10.683333333333332,25.866,7.587144040837368,0.0,23.171958333333333
2023-08-07,31.9,24.3,85.57,47.2,12.9125,19.602,5.831276550255685,0.0,23.077145833333333
2023-08-08,32.7,22.7,82.0,42.32,11.245833333333332,22.6548,6.333739250906115,0.0,22.96283333333333
2023-08-09,35.2,23.3,83.56,39.53,8.629166666666666,23.4036,6.399742123151063,0.0,22.889333333333337
2023-08-10,40.9,24.2,81.45,31.72,7.679166666666667,22.359600000000004,6.996440867285398,0.0,22.916729166666663
2023-08-11,35.0,26.9,88.87,44.42,13.716666666666669,24.0084,7.053600413651376,0.0,22.806166666666662
2023-08-12,34.6,23.8,84.73,45.89,10.008333333333333,24.224400000000003,6.465798891941488,0.0,22.639041666666667
2023-08-13,32.9,23.6,86.8,45.42,11.829166666666666,25.0416,6.55394817321815,0.0,22.540354166666663
2023-08-14,34.5,23.0,89.16,43.22,9.7875,24.7032,6.462296507691739,0.0,22.471708333333336
2023-08-15,33.9,24.0,87.55,44.5,10.7125,22.510800000000003,6.212492655804882,0.0,22.384833333333333
2023-08-16,35.1,23.3,90.87,40.91,9.920833333333333,22.1472,6.239821298016738,0.0,22.32133333333333
2023-08-17,36.0,23.9,88.76,41.94,8.5375,24.2208,6.436020213572693,0.0,22.317291666666662
2023-08-18,37.6,23.9,87.71,24.8,8.708333333333334,24.156,7.11850069195348,0.0,22.276520833333333
2023-08-19,38.0,22.6,80.54,21.92,9.216666666666669,24.318,7.474528089822628,0.0,22.19233333333333
2023-08-20,35.6,25.9,86.18,41.13,9.7625,21.6936,6.3100753936108696,0.0,22.1285625
2023-08-21,36.3,23.7,87.86,28.05,9.204166666666667,23.5404,6.850507810294237,0.0,22.04102083333333
2023-08-22,36.5,22.8,81.02,31.62,10.045833333333333,21.9312,6.828602473693767,0.0,21.9143125
2023-08-23,36.8,22.5,87.46,23.12,9.933333333333334,24.0192,7.2787877553009395,0.0,21.81108333333333
2023-08-24,37.2,21.0,74.47,22.95,7.966666666666666,23.806800000000003,6.891344726287128,0.0,21.71277083333333
2023-08-25,40.7,21.7,88.52,21.12,8.691666666666666,22.806,7.424032869726627,0.0,21.694041666666667
2023-08-26,38.5,24.0,79.06,32.76,8.65,17.8956,6.180787887598217,0.0,21.533375000000003
2023-08-27,31.5,26.5,83.33,17.23,18.8875,22.7232,8.263853968267949,2.613,21.265
2023-08-28,32.8,21.1,53.27,19.11,13.941666666666668,24.022800000000004,8.219321542965996,10.319,21.25689583333333
2023-08-29,34.1,19.0,66.66,19.21,8.941666666666666,22.950000000000003,6.7326618458580185,1.46,21.540166666666668
2023-08-30,30.4,22.0,78.5,43.4,9.295833333333333,19.2852,5.191144707122293,0.0,21.562854166666668
2023-08-31,32.0,20.1,86.14,36.53,8.558333333333334,21.3444,5.516236561844584,0.0,21.53925
2023-09-01,31.0,19.5,85.93,37.25,8.741666666666667,18.0684,5.010463886228941,0.0,21.62189583333333
2023-09-02,28.7,21.9,88.65,49.21,9.2625,9.626400000000002,3.479063925461026,0.0,21.7241875
2023-09-03,27.5,19.3,95.37,75.58,17.770833333333332,8.604,2.6475608618845645,0.0,22.116770833333334
2023-09-04,31.7,25.6,88.54,53.67,13.208333333333334,13.77,4.613955594156913,0.304,22.820625000000003
2023-09-05,31.9,23.0,95.02,47.36,8.612499999999999,18.4464,4.754003793343799,0.0,23.1298125
2023-09-06,30.8,24.4,85.03,46.57,14.058333333333332,19.6884,5.680382016122729,0.0,23.54495833333333
2023-09-07,30.2,21.9,89.11,51.58,7.833333333333333,19.3032,4.545440836146943,0.0,23.663854166666667
2023-09-08,29.6,20.3,92.29,52.41,8.012500000000001,10.0764,3.25362002030779,0.0,23.734854166666665
2023-09-09,30.6,21.3,88.95,48.61,9.779166666666669,20.4408,4.994606080138546,4.765,23.778291666666664
2023-09-10,29.9,21.3,88.94,57.29,11.7875,19.3104,4.703749637681745,6.613,23.725104166666668
2023-09-11,32.6,20.9,89.81,40.73,8.220833333333333,18.2088,4.89203645975996,0.0,23.783104166666664
2023-09-12,31.6,21.6,90.24,41.6,7.274999999999999,17.7228,4.543674021678084,0.0,23.68522916666667
2023-09-13,29.2,21.4,94.05,58.21,10.5625,15.9516,3.97534987908106,0.0,23.5071875
2023-09-14,30.8,23.5,87.39,46.6,14.2375,18.9468,5.453723941134439,0.0,23.5368125
2023-09-15,30.4,19.1,92.16,52.31,11.366666666666667,15.4764,4.306250248777253,1.779,23.268125
2023-09-16,28.9,19.9,93.52,66.46,8.041666666666666,13.0356,3.129243738796252,1.378,23.30002083333333
2023-09-17,31.9,22.3,95.68,46.79,8.375,18.8712,4.652151032732558,0.089,24.133958333333336
2023-09-18,31.2,21.8,76.65,37.77,7.958333333333333,19.2924,4.983638291982685,0.821,24.496895833333337
2023-09-19,26.3,22.5,87.77,59.65,7.920833333333333,6.804,2.491197936339519,6.001,24.669125
2023-09-20,30.8,18.2,94.63,31.5,8.258333333333333,20.710799999999995,4.983769004870129,32.458,24.862687500000003
2023-09-21,31.6,17.1,88.35,26.94,8.25,19.6668,5.127977391255381,4.443,25.056625
2023-09-22,28.8,20.9,73.46,29.54,11.683333333333332,18.5148,5.521715184379485,1.916,25.243416666666665
2023-09-23,28.1,17.0,77.92,36.26,9.970833333333331,20.1276,4.916694941795433,0.0,25.14783333333333
2023-09-24,28.2,18.2,88.19,45.52,9.966666666666669,20.2788,4.560073641256149,7.642,25.29014583333333
2023-09-25,28.6,15.4,93.88,43.65,9.566666666666666,20.0484,4.448643739519532,13.231,25.304
2023-09-26,29.1,18.9,88.44,45.32,7.649999999999999,18.1764,4.128871595788022,0.0,25.406583333333334
2023-09-27,29.2,18.0,88.98,45.04,6.591666666666666,19.0872,4.043365107559635,9.068,25.40216666666667
2023-09-28,29.8,16.9,91.38,46.17,7.041666666666667,18.7488,4.0530422306433405,15.767,25.40033333333333
2023-09-29,29.8,17.7,91.99,39.64,8.049999999999999,18.8496,4.345259798335952,7.435,25.351041666666664
2023-09-30,30.8,18.5,91.05,39.66,7.395833333333333,19.0224,4.364748715337295,0.046,25.22808333333333
2023-10-01,32.4,17.1,77.82,36.04,5.533333333333334,19.1556,4.264266795614758,0.746,25.09639583333333
2023-10-02,31.6,15.6,89.1,33.93,7.795833333333333,19.0404,4.606610640563753,0.0,24.95264583333333
2023-10-03,30.8,18.1,92.55,38.38,6.591666666666666,17.773199999999996,4.051657997640856,0.0,24.8346875
2023-10-04,29.1,20.6,89.36,42.74,8.362499999999999,15.818399999999995,3.956133224037338,0.0,24.797666666666668
2023-10-05,30.3,16.6,90.31,35.58,6.908333333333334,17.5464,4.059913548183356,3.048,24.52489583333333
2023-10-06,31.6,16.8,91.13,26.59,7.858333333333333,17.9064,4.599737568273562,3.642,24.33514583333333
2023-10-07,29.6,19.0,95.7,53.46,9.954166666666667,16.246799999999997,3.813874866513391,0.091,24.1723125
2023-10-08,28.7,19.9,92.91,54.38,7.008333333333333,15.847199999999996,3.3917430126144783,0.0,24.1105625
2023-10-09,27.3,19.2,88.47,43.26,7.399999999999999,14.360400000000002,3.423697046878073,0.0,23.9303125
2023-10-10,28.0,16.8,89.23,48.13,6.766666666666667,11.9448,3.025605466504223,0.0,23.778666666666663
2023-10-11,28.1,17.0,92.75,47.79,6.320833333333333,17.0568,3.382389648882277,7.195,23.672583333333336
2023-10-12,29.0,16.2,91.83,36.68,5.816666666666666,16.250399999999996,3.453660253724277,2.828,23.5586875
2023-10-13,30.6,16.1,92.08,36.15,6.066666666666666,15.656399999999996,3.5861649016942025,0.0,23.39139583333333
2023-10-14,27.7,18.0,89.21,38.64,9.3625,8.028000000000002,3.2961126346615006,0.0,23.12033333333333
2023-10-15,28.5,17.0,86.19,49.26,11.1125,15.890399999999998,3.929647148481655,0.0,22.978729166666668
2023-10-16,29.3,18.3,91.02,43.26,6.379166666666666,12.5208,3.1242620516470536,0.02,23.081729166666666
2023-10-17,28.0,16.8,89.9,54.16,6.408333333333334,12.2256,2.7835634352131766,0.0,22.9415
2023-10-18,31.0,17.1,92.66,30.57,9.85,14.724,4.380744450432763,0.0,22.97877083333333
2023-10-19,26.3,19.7,67.86,43.01,14.354166666666666,7.4916,4.169340271977171,0.0,22.8150625
2023-10-20,25.8,16.5,85.3,31.9,16.383333333333333,14.5476,4.731721502300506,0.0,22.454395833333333
2023-10-21,24.2,12.5,71.86,33.5,7.416666666666667,14.461200000000002,3.249249799890557,0.0,22.201166666666666
2023-10-22,22.7,12.7,86.36,54.91,11.575,8.0964,2.621690126596217,0.0,22.156104166666665
2023-10-23,26.7,14.3,94.93,44.44,7.445833333333333,11.79,2.851974537301976,0.0,22.4946875
2023-10-24,25.9,15.6,73.64,30.97,10.295833333333333,15.498,4.020100137888752,0.0,22.53845833333333
2023-10-25,27.1,13.3,65.32,35.09,6.175,12.0384,3.069853218239214,0.091,22.535479166666665
2023-10-26,28.6,15.0,75.5,33.95,9.508333333333333,10.9872,3.817328954544578,0.0,22.75117948717949
2023-10-27,24.6,16.0,69.41,27.95,8.216666666666667,8.370000000000001,3.2768249815195456,0.0,22.561229166666667
2023-10-28,25.6,12.0,72.2,36.18,6.55,14.6664,3.011334026686466,0.0,22.32304166666667
2023-10-29,26.1,11.0,87.57,34.96,6.127999999999999,13.665024,2.817538333543105,0.0,22.25654347826087
2023-10-30,26.6,14.7,89.08,34.24,10.675,11.8368,3.592321357876594,0.0,22.34039583333333
2023-10-31,20.9,12.7,67.49,39.88,5.1625000000000005,5.9256,2.0518108806165034,0.0,22.030416666666667
2023-11-01,26.0,11.1,78.38,31.35,7.904166666666666,11.5344,3.1924448808460064,0.0,22.05185416666667
2023-11-02,27.8,15.9,70.77,34.36,19.8125,10.274400000000002,5.41823693557735,0.0,22.2029375
2023-11-03,22.4,14.6,48.57,27.09,15.520833333333334,11.2176,4.776677813358711,0.0,21.930958333333333
2023-11-04,25.6,15.1,60.71,35.48,14.675,12.4668,4.513103403595228,0.0,21.90727083333333
2023-11-05,24.0,12.3,62.4,25.64,11.883333333333333,13.6296,4.084183829832745,0.0,21.833541666666665
2023-11-06,21.6,10.0,68.26,28.98,7.195833333333333,12.0924,2.7226523751768315,0.0,21.5631875
2023-11-07,20.9,7.3,73.45,26.52,6.775,13.2948,2.573323169148247,0.0,21.280979166666665
2023-11-08,19.9,6.9,71.93,32.33,6.291666666666667,9.72,2.257826650375901,0.0,21.195854166666667
2023-11-09,24.0,8.4,76.58,34.17,6.3,11.822400000000002,2.5182412737076185,0.0,21.3444375
2023-11-10,23.2,10.7,81.87,27.75,9.0625,13.021200000000002,3.073246182381289,0.0,21.3208125
2023-11-11,26.1,11.2,76.22,39.19,7.916666666666667,11.6424,2.885646302861288,0.0,21.3785625
2023-11-12,27.4,15.0,72.64,38.53,10.341666666666669,12.513600000000002,3.541558899797524,0.0,21.45322916666667
2023-11-13,27.3,13.7,74.87,39.74,8.295833333333333,12.2904,3.055246986974013,0.0,21.411270833333333
2023-11-14,28.6,15.1,71.25,24.79,7.895833333333333,11.628000000000002,3.4227988011778465,0.0,21.37802083333333
2023-11-15,26.6,15.0,75.68,34.13,8.733333333333333,11.9016,3.16036970053167,0.0,21.3405
2023-11-16,26.4,10.1,87.34,30.65,5.75,10.090800000000002,2.43320439665712,0.0,21.26760416666667
2023-11-17,26.6,13.4,82.9,38.39,7.9375,11.3328,2.7894682514098967,1.089,21.275229166666666
2023-11-18,22.5,12.0,86.9,58.27,5.1875,11.1132,1.684523781445174,0.0,21.16152083333333
2023-11-19,22.5,9.9,94.52,49.31,4.604166666666667,11.466,1.6482162801522589,0.0,21.04883333333333
2023-11-20,22.6,7.7,90.97,44.06,4.729166666666667,10.0188,1.7072738899373208,0.0,21.011729166666665
2023-11-21,21.8,9.6,92.74,24.94,12.045833333333334,10.5912,3.1892146320544774,0.0,21.036583333333333
2023-11-22,20.3,9.5,57.68,26.09,13.2875,11.4732,3.643328258180425,0.0,20.74025
2023-11-23,18.9,5.9,71.84,25.83,7.395833333333333,11.2644,2.3056188693365627,0.0,20.5250625
2023-11-24,21.5,3.2,67.26,19.82,7.816666666666666,11.368800000000002,2.7726935657119745,0.0,20.39389583333333
2023-11-25,23.7,11.0,89.6,26.27,9.908333333333331,11.0052,2.994904376678382,0.0,20.48477083333333
2023-11-26,20.3,10.1,100.0,57.69,6.504166666666666,9.63,1.478798914390372,0.0,20.65170833333333
2023-11-27,22.5,7.2,100.0,24.77,7.395833333333333,10.166400000000005,2.3783036878501043,0.0,20.628083333333333
2023-11-28,20.8,12.1,67.19,39.86,4.879166666666666,5.2704,1.765871529755052,0.0,20.789270833333333
2023-11-29,22.1,9.8,81.72,39.25,6.729166666666667,10.911600000000002,2.049231717594671,0.0,20.850875
2023-11-30,24.6,9.7,90.61,45.78,7.712499999999999,8.8884,2.1779375194107864,0.0,21.049541666666663
2023-12-01,21.5,12.8,89.94,33.43,12.895833333333334,4.2948,2.927904811667006,0.0,21.020729166666666
2023-12-02,18.6,8.9,61.24,31.33,11.658333333333331,10.738800000000005,2.914544286153472,0.0,20.4996875
2023-12-03,17.6,5.7,69.35,36.22,5.858333333333333,10.8288,1.6939634932759122,0.0,20.216375
2023-12-04,13.1,6.1,80.0,53.43,4.429166666666666,3.5820000000000003,1.091604406224754,0.0,20.2385
2023-12-05,16.6,5.8,78.25,40.0,7.774999999999999,7.844400000000002,1.8291275287665945,0.0,20.2154375
2023-12-06,14.1,9.8,92.81,72.0,4.1125,3.5172000000000003,0.8223357456915346,0.0,20.59325
2023-12-07,19.1,6.2,95.44,56.58,5.420833333333333,9.003599999999999,1.2695099562273722,0.0,20.812875
2023-12-08,19.3,7.7,97.29,27.91,13.2625,7.5384,2.811030716737878,0.0,21.06052083333333
2023-12-09,21.8,11.0,70.04,36.69,9.529166666666669,9.1008,2.6109209796439306,0.0,21.096979166666667
2023-12-10,23.7,14.0,73.14,43.35,9.175,9.8352,2.5149021097081503,0.0,21.48764583333333
2023-12-11,24.2,8.9,93.75,31.23,7.020833333333333,10.188000000000002,2.2331095623279924,0.0,21.57133333333333
2023-12-12,23.9,4.8,93.74,29.07,6.2625,8.5428,2.172002796258772,0.0,21.86629166666667
2023-12-13,18.2,13.7,62.95,38.06,12.108333333333334,3.2436,2.898405969568533,0.0,22.00283333333333
2023-12-14,16.6,9.4,53.8,28.5,15.729166666666666,9.975599999999998,3.421924406719252,0.0,21.69322916666667
2023-12-15,17.9,5.4,64.24,30.32,6.5375000000000005,9.2052,1.9159876718239133,0.0,21.476145833333334
2023-12-16,17.7,3.3,81.3,38.19,6.2125,9.532799999999998,1.615817055038092,0.0,21.33333333333333
2023-12-17,17.2,5.6,79.72,45.52,9.470833333333331,9.259200000000002,1.896839817721372,0.0,21.2305
2023-12-18,16.2,6.5,80.97,38.11,7.0625,7.898400000000002,1.6750652752955195,0.0,21.13575
2023-12-19,17.8,-1.7,85.06,21.99,5.258333333333334,10.0836,1.6779424836129828,0.0,21.01502083333333
2023-12-20,18.3,5.5,57.98,23.53,12.2125,8.643600000000003,3.163525834266028,0.0,21.200541666666663
2023-12-21,17.6,6.5,56.36,32.21,10.629166666666666,9.3348,2.631338870947764,0.0,21.24714583333333
2023-12-22,18.9,5.6,71.15,30.13,6.833333333333333,9.576,1.9812774170549847,0.0,21.3466875
2023-12-23,18.8,4.8,79.77,39.32,4.804166666666666,7.977599999999999,1.4519842608882565,0.0,21.3391875
2023-12-24,18.9,3.0,88.22,43.69,4.758333333333334,8.3808,1.3547601155321485,0.0,21.28277083333333
2023-12-25,18.8,-0.1,89.92,34.0,4.545833333333333,8.517599999999998,1.444606446131978,0.0,21.223458333333333
2023-12-26,17.6,0.5,89.6,34.09,4.141666666666667,9.126,1.2903844527689916,0.0,33.86002083333333
2023-12-27,15.7,-1.1,87.13,38.99,4.541666666666667,8.470800000000002,1.243704797561165,0.0,47.08520833333333
2023-12-28,15.9,0.7,90.85,37.35,4.420833333333333,7.3404,1.251490862154875,0.0,46.6225625
2023-12-29,14.9,3.2,81.12,34.63,4.645833333333333,4.6008,1.361266490454859,0.0,46.06954166666667
2023-12-30,19.5,6.4,90.11,32.6,4.929166666666666,8.312399999999998,1.551238079138863,0.0,45.6688125
2023-12-31,19.5,4.1,94.76,33.16,6.15,7.516800000000001,1.7698698258196417,3.429,45.30420833333333
2024-01-01,17.5,6.4,74.71,41.69,5.058333333333334,6.9012,1.4744758605362205,14.679,45.03606250000001
2024-01-02,18.7,1.6,81.19,21.65,6.0125,7.5672,1.9923177660069669,0.0,44.75258333333333
2024-01-03,21.3,3.7,73.27,26.66,5.7,8.8992,2.0265863749894266,0.0,44.52166666666667
2024-01-04,16.8,7.2,86.94,61.15,4.929166666666666,5.1408000000000005,1.1208106010107817,0.0,44.4154375
2024-01-05,16.0,8.6,91.42,37.62,13.808333333333335,6.872400000000001,2.3176727010074583,0.0,44.553895833333335
2024-01-06,16.9,11.4,45.01,26.83,22.1,8.942400000000001,4.587802318929716,0.0,44.2124375
2024-01-07,15.7,8.6,51.23,26.57,16.929166666666667,9.4716,3.613045973920935,0.0,43.797666666666665
2024-01-08,15.5,5.6,47.39,19.7,12.0875,9.2304,3.1213491960262787,0.0,43.40970833333333
2024-01-09,14.6,5.2,75.36,32.22,5.45,6.948,1.549979280572191,0.0,43.1575
2024-01-10,14.8,8.3,96.18,65.2,4.9,6.0876,0.9761327418184494,1.955,43.963625
2024-01-11,14.5,6.7,90.82,49.94,8.541666666666666,6.764400000000001,1.5190827813043806,0.0,44.149875
2024-01-12,13.2,6.6,84.91,58.38,6.445833333333333,6.9624,1.217025490589202,0.0,43.93889583333333
2024-01-13,16.1,4.5,91.84,56.04,5.675,7.83,1.2511236179934524,2.38,43.70247916666667
2024-01-14,22.1,7.7,92.18,34.54,6.283333333333334,7.974000000000002,2.02213308710779,34.298,43.5191875
2024-01-15,16.2,8.7,69.86,35.81,6.033333333333334,3.1644,1.8012753647433182,0.037,43.223000000000006
2024-01-16,22.0,9.2,90.59,43.48,7.041666666666667,7.783199999999999,1.985865012759925,0.0,42.97958333333333
2024-01-17,23.3,10.7,88.05,28.5,13.445833333333333,8.046000000000001,3.5125339767441592,0.1,42.5845625
2024-01-18,22.6,13.5,70.24,32.77,10.0875,8.8452,3.0321667162547934,0.0,41.9974375
2024-01-19,19.4,11.1,81.78,53.83,9.8375,3.6144,1.9821999597972573,0.0,41.45466666666667
2024-01-20,13.8,10.8,86.42,58.4,9.216666666666669,5.5728,1.4955779964079912,0.0,40.991395833333335
2024-01-21,16.1,7.3,88.45,44.48,4.925,8.179200000000002,1.4155748370679355,0.0,40.58325
2024-01-22,19.3,2.9,92.87,33.09,8.929166666666667,9.9324,2.37535032347126,0.0,40.11710416666667
2024-01-23,21.7,8.5,87.48,38.11,6.325,10.015200000000002,2.078621849274723,0.0,39.908458333333336
2024-01-24,22.8,5.0,91.61,37.94,4.7250000000000005,10.306800000000004,1.8670879072011413,0.0,39.59083333333333
2024-01-25,25.7,5.1,84.4,26.66,4.891666666666667,10.4076,2.312113633800012,0.0,39.22052083333333
2024-01-26,23.0,6.0,80.28,29.23,6.5625,11.1996,2.493302616817085,0.0,38.80447916666667
2024-01-27,20.8,4.2,86.48,36.14,7.233333333333333,11.1384,2.2887157906184785,0.0,38.35477083333333
2024-01-28,19.0,4.6,91.89,52.26,8.129166666666666,10.925999999999998,1.902336175327173,0.0,37.946041666666666
2024-01-29,15.6,11.4,84.21,60.87,10.204166666666667,4.1436,1.6536002542122052,0.0,37.67504347826087
2024-01-30,16.3,11.3,85.02,52.22,7.379166666666666,4.9068,1.6423225868590272,0.0,37.33077083333333
2024-01-31,15.4,9.2,82.95,53.28,6.866666666666667,4.895999999999999,1.5491927653403683,0.0,36.87860416666667
2024-02-01,17.8,7.5,84.54,42.35,4.879166666666666,10.976400000000002,1.7179837789186303,0.0,36.39089583333333
2024-02-02,17.2,2.9,87.71,40.17,7.3125,10.9836,2.014386541940669,0.0,36.08204166666667
2024-02-03,17.9,4.6,94.46,47.05,4.6375,11.3364,1.6085049889075194,0.0,35.879
2024-02-04,19.3,2.1,93.16,33.82,4.845833333333333,11.8512,1.9092536308912336,0.0,35.465291666666666
2024-02-05,20.0,1.9,91.9,30.59,5.020833333333333,11.109600000000002,2.036460179375283,0.0,35.132
2024-02-06,22.3,6.7,82.47,26.77,5.633333333333333,9.1764,2.3873713297903256,0.0,34.963
2024-02-07,21.8,8.5,65.09,27.39,6.9375,11.3472,2.7983745795781862,0.0,34.59260416666667
2024-02-08,20.5,6.7,76.35,35.32,7.712499999999999,9.874800000000002,2.5635645724233664,0.0,34.22875
2024-02-09,16.9,11.5,91.91,56.25,8.1875,3.967199999999999,1.5927041064174257,0.0,33.93810416666667
2024-02-10,18.1,9.5,89.0,29.74,17.241666666666667,12.7656,3.508435578688052,0.0,33.49583333333333
2024-02-11,14.0,4.6,79.18,39.12,7.95,4.6656,1.89794423440018,0.0,33.229166666666664
2024-02-12,24.8,8.3,94.4,30.27,10.708333333333334,12.906,3.591754645686255,0.0,38.21208333333333
2024-02-13,24.5,10.0,84.03,33.09,5.895833333333333,11.8692,2.6720101042173865,0.0,46.44583333333333
2024-02-14,21.4,8.4,88.31,50.58,6.2125,7.9812,1.998618999386162,0.0,45.73797916666666
2024-02-15,20.0,8.9,88.77,39.59,7.175000000000001,8.949599999999998,2.2949199430553926,0.0,45.30341666666666
2024-02-16,21.6,11.7,87.84,34.11,12.620833333333332,9.021600000000005,3.302291314794676,0.0,45.143375
2024-02-17,20.0,9.3,93.3,36.47,8.362499999999999,14.4972,2.7257563445965425,3.414,44.60470833333333
2024-02-18,21.9,6.3,82.91,34.6,5.679166666666667,13.8492,2.570459069549577,0.0,44.16577083333333
2024-02-19,21.4,6.7,88.84,34.75,8.429166666666667,12.042,2.871013522125561,0.0,43.74972916666667
2024-02-20,25.2,6.1,86.74,16.2,7.733333333333333,13.9428,3.7000768990045,0.0,43.30741666666666
2024-02-21,22.3,10.9,100.0,44.16,8.825000000000001,11.088,2.6265823943424307,0.0,42.85093749999999
2024-02-22,25.8,10.7,84.32,23.52,7.220833333333334,12.6036,3.431524354581759,0.0,42.39158333333334
2024-02-23,20.0,12.5,49.14,19.49,18.375,14.9652,5.389946205310258,0.0,41.7698125
2024-02-24,17.2,6.2,73.99,22.98,17.608333333333334,14.0796,4.097120396201196,0.0,41.14375
2024-02-25,22.6,7.0,62.57,30.96,14.454166666666666,9.6984,4.300194134731441,0.0,40.67847916666667
2024-02-26,18.5,13.0,80.11,34.07,16.875,9.4644,3.643274838124306,0.0,40.20772916666667
2024-02-27,16.9,11.3,46.35,28.41,26.14583333333333,9.8784,5.291469232234071,0.0,39.60329166666667
2024-02-28,18.6,9.4,61.5,25.04,17.479166666666668,16.351200000000002,4.626162060143487,0.0,39.068125
2024-02-29,22.6,8.6,67.14,19.14,12.033333333333331,16.1568,4.568058728041292,0.0,38.550604166666666
2024-03-01,20.8,10.6,76.51,15.13,18.245833333333334,16.873199999999997,5.2154152496873385,0.0,38.01622916666667
2024-03-02,21.1,4.1,73.03,26.09,12.408333333333331,15.0192,4.095681103412259,0.0,37.44810416666667
2024-03-03,17.5,8.1,76.01,21.92,18.5,15.980399999999996,4.401929709071145,0.0,36.87608333333333
2024-03-04,20.5,5.3,69.43,34.89,7.341666666666668,13.334400000000002,3.013467688368722,0.0,36.43139583333333
2024-03-05,21.4,7.9,73.52,25.08,7.375,17.3232,3.507085947109706,0.0,36.196645833333335
2024-03-06,20.7,5.3,86.14,35.33,7.4125,17.3124,3.1515779746989656,0.0,35.74175
2024-03-07,18.7,9.6,90.51,49.97,9.375,12.448800000000002,2.5931196042450475,0.0,35.406479166666664
2024-03-08,19.9,8.1,90.85,24.02,13.95,10.234799999999998,3.79256364879151,0.0,34.960208333333334
2024-03-09,17.0,10.4,85.2,54.68,12.575,3.546,2.14234420392893,0.0,34.58297916666667
2024-03-10,19.6,6.4,77.76,30.64,13.533333333333331,11.6424,3.7639125475880566,0.0,34.302416666666666
2024-03-11,20.5,7.0,72.54,24.81,13.604166666666666,18.5904,4.505465056797588,0.0,34.313250000000004
2024-03-12,21.6,7.3,93.7,27.61,9.091666666666669,18.2556,3.7385196063555313,0.0,34.238708333333335
2024-03-13,20.6,7.1,93.55,36.89,7.629166666666666,18.45,3.270620023187211,0.0,34.0843125
2024-03-14,25.4,5.7,93.5,27.1,8.141666666666667,17.8308,4.073622978106775,0.399,33.947291666666665
2024-03-15,26.0,11.5,77.96,24.99,8.470833333333333,18.680399999999995,4.464954947442929,0.0,33.83960416666667
2024-03-16,26.8,12.1,71.27,28.01,7.641666666666667,19.8108,4.481339486921163,0.0,33.63814583333333
2024-03-17,26.3,10.2,78.23,29.73,6.566666666666666,17.999999999999996,3.976776071602503,0.0,33.421729166666665
2024-03-18,30.2,10.6,75.56,19.38,7.770833333333333,14.9004,4.767297285275415,0.0,33.248979166666665
2024-03-19,26.8,13.0,88.1,34.63,6.8,15.5448,3.746944317703552,0.018,33.06014583333333
2024-03-20,24.1,13.4,93.46,34.21,12.629166666666668,14.619600000000002,4.163058384105963,0.0,32.79214583333333
2024-03-21,21.9,14.9,75.24,41.89,17.379166666666666,13.356000000000002,4.390080688114842,0.0,32.482875
2024-03-22,26.3,12.1,82.06,16.31,11.441666666666668,17.989199999999997,5.349825027494584,0.0,32.32564583333333
2024-03-23,23.0,14.3,63.67,32.09,10.475,11.79,4.130018651501207,0.0,32.0711875
2024-03-24,19.0,12.9,90.86,55.05,14.2,8.7264,2.6824158552697246,0.0,31.779479166666665
2024-03-25,19.1,13.3,95.64,65.0,8.833333333333334,7.002000000000001,1.907896829291255,0.0,31.735020833333333
2024-03-26,15.9,11.2,93.65,38.41,12.2375,8.946000000000002,2.7102150885552247,0.0,31.425354166666665
2024-03-27,23.3,8.7,72.57,23.95,21.875,16.185599999999997,6.054393031561179,0.0,31.3443125
2024-03-28,23.6,15.3,77.3,41.41,21.058333333333334,14.796,5.0670090570704405,0.0,31.58920833333333
2024-03-29,23.1,11.0,87.48,31.49,18.59583333333333,15.8328,5.016299333985138,0.0,31.60575
2024-03-30,19.1,9.4,72.21,35.19,18.52083333333333,12.8628,4.341860763005992,0.02,31.34647916666667
2024-03-31,20.3,12.8,82.38,42.01,19.921739130434784,8.485982608695654,3.893533841741571,0.0,31.25164583333333
2024-04-01,22.8,5.7,84.81,20.96,13.4125,20.9412,5.209830229314665,0.0,31.2190625
2024-04-02,21.8,6.5,82.5,33.13,9.291666666666666,20.1348,4.136792792685611,0.0,31.240458333333333
2024-04-03,26.1,8.2,80.42,28.14,8.133333333333333,22.1868,4.829170415231051,0.0,31.38539583333333
2024-04-04,26.6,10.6,75.8,26.39,8.291666666666666,22.0104,5.028136835271486,0.638,31.457125
2024-04-05,27.8,9.1,85.88,23.36,9.633333333333333,19.6488,5.263849600478992,0.0,31.326979166666664
2024-04-06,25.2,12.1,91.02,39.94,9.983333333333333,16.599600000000002,4.150811481054966,2.356,31.12664583333333
2024-04-07,26.5,17.0,68.06,38.08,10.675,16.0416,4.824800805588766,0.0,31.05689583333333
2024-04-08,29.1,16.1,72.28,21.97,10.191666666666666,16.963199999999997,5.575785181310085,0.0,30.91658333333333
2024-04-09,23.2,14.7,64.53,13.72,20.1375,23.7564,7.171056332319362,0.0,30.528625
2024-04-10,25.1,8.3,79.52,17.05,8.666666666666666,22.910400000000003,5.213889541762745,0.0,30.220604166666664
2024-04-11,23.6,9.9,79.18,34.87,8.220833333333333,20.6676,4.379275961046722,0.0,30.0861875
2024-04-12,24.4,8.8,76.93,27.27,8.379166666666666,22.770000000000003,4.862581917116959,0.0,29.7918125
2024-04-13,27.1,9.8,69.53,18.61,7.408333333333334,23.6304,5.358833743071845,0.0,29.5865
2024-04-14,27.4,10.4,64.44,24.1,8.466666666666667,23.6376,5.576955176759857,0.0,29.355125
2024-04-15,29.8,11.2,58.39,19.22,7.445833333333333,22.104,5.69268706451648,0.0,29.170104166666665
2024-04-16,31.0,13.4,72.95,15.73,11.704166666666666,24.229565217391304,7.155017277503051,0.0,29.0328125
2024-04-17,22.6,16.3,89.72,46.4,14.908333333333331,15.99696,4.162431876341613,0.0,28.72327083333333
2024-04-18,24.7,14.4,80.1,44.06,9.475,18.9324,4.412803026631679,0.0,28.40177083333333
2024-04-19,20.0,14.6,81.02,43.41,12.158333333333331,10.728000000000002,3.469631132840412,0.0,28.037104166666666
2024-04-20,22.3,10.1,77.22,35.07,9.320833333333333,18.8928,4.317608019259624,0.0,27.693125
2024-04-21,21.9,10.8,69.78,40.29,9.545833333333333,21.0888,4.472601026068121,0.0,27.624625
2024-04-22,21.4,9.2,86.76,46.89,9.866666666666667,10.231200000000005,3.093218245705335,0.0,27.453729166666665
2024-04-23,20.8,11.7,93.26,21.51,11.429166666666667,24.0804,4.987760340729689,0.0,27.5633125
2024-04-24,22.0,9.6,82.59,14.95,9.445833333333333,25.7868,5.312656658285329,0.0,27.53575
2024-04-25,23.7,8.3,84.0,34.44,10.166666666666666,20.4192,4.667916260295967,0.0,27.52525
2024-04-26,23.7,13.5,85.2,35.92,9.941666666666666,20.0196,4.637569867369532,0.0,27.536416666666668
2024-04-27,25.6,12.0,90.35,27.91,10.704166666666666,24.732000000000003,5.570684154892314,0.0,27.481104166666668
2024-04-28,19.0,14.3,82.47,41.29,6.783333333333334,5.598000000000001,2.3730464818899577,0.0,27.0939375
2024-04-29,17.4,13.3,92.56,58.42,5.291666666666667,8.060400000000001,1.9871174476665308,0.0,26.9225625
2024-04-30,24.3,11.2,88.22,26.92,11.604166666666666,25.8408,5.649149564459924,0.0,26.976333333333333
2024-05-01,20.8,13.3,86.66,27.71,13.004166666666668,15.933599999999998,4.474256835860244,0.0,26.88583333333333
2024-05-02,23.1,7.8,71.65,23.5,9.6125,27.151200000000003,5.535252820660741,0.0,26.9698125
2024-05-03,25.6,10.2,64.84,22.7,8.491666666666667,25.1424,5.671163039945996,0.0,27.27533333333333
2024-05-04,28.6,12.3,64.09,23.4,8.120833333333334,26.622,6.187133119612044,0.182,27.492500000000003
2024-05-05,31.4,13.7,70.74,17.73,8.808333333333334,21.7224,6.385691113884438,0.0,27.4601875
2024-05-06,27.5,17.2,80.94,30.73,7.625,12.5352,4.192338963671198,0.0,27.18975
2024-05-07,24.7,13.7,88.0,38.47,10.120833333333334,26.3376,5.368150640287687,0.0,27.048895833333333
2024-05-08,24.9,12.7,88.1,33.1,9.841666666666669,25.2288,5.375637695647557,0.0,26.816729166666665
2024-05-09,25.9,11.2,85.89,31.38,9.1,26.2332,5.561791511075453,0.0,26.8143125
2024-05-10,26.4,12.2,70.15,25.77,9.591666666666669,27.0828,6.132318415426063,11.386,26.9396875
2024-05-11,25.1,15.3,78.48,33.56,10.5375,14.986800000000002,4.650773087583661,0.0,26.931812500000003
2024-05-12,27.3,14.2,93.79,30.9,11.154166666666669,25.8516,5.983842035582351,0.319,26.85120833333333
2024-05-13,28.6,15.3,80.92,34.2,8.320833333333333,22.1652,5.449213371707067,0.0,26.818
2024-05-14,31.1,15.5,86.94,15.18,10.604166666666666,23.137200000000004,6.869307386188803,0.0,26.72191666666667
2024-05-15,26.7,16.0,40.35,21.41,12.595833333333331,27.370800000000003,7.454710609608332,0.0,26.52595833333333
2024-05-16,26.9,14.1,65.72,20.31,10.4625,27.669600000000003,6.70371535109497,0.49,26.373104166666668
2024-05-17,27.8,12.9,69.92,24.78,9.579166666666667,27.3744,6.451342632959961,3.319,26.282541666666663
2024-05-18,27.9,15.8,82.8,26.35,11.408333333333331,28.7064,6.77226976993033,0.0,26.221604166666665
2024-05-19,25.0,14.7,79.53,41.88,9.595833333333331,21.924,4.9986932495044245,0.163,26.0178125
2024-05-20,27.4,16.3,76.7,23.81,9.754166666666666,24.897600000000004,6.211569330926949,0.128,25.783666666666665
2024-05-21,27.7,14.1,57.2,22.82,9.4625,27.5616,6.674690582068564,0.0,25.6281875
2024-05-22,28.1,17.0,50.45,24.87,11.795833333333334,25.617600000000003,7.158649944250975,0.0,25.633645833333333
2024-05-23,26.5,14.5,84.27,28.63,11.254166666666668,19.548,5.491664095587251,0.0,25.471854166666663
2024-05-24,26.7,15.2,82.75,30.82,13.354166666666666,28.2492,6.637491636093532,0.0,25.38252083333333
2024-05-25,29.1,14.9,84.86,37.5,9.254166666666666,29.1276,6.359579002799284,0.0,25.45327083333333
2024-05-26,31.1,16.6,89.05,37.51,10.0125,27.3132,6.535546822912136,0.0,25.440916666666663
2024-05-27,29.4,17.8,83.14,44.32,9.754166666666666,25.380000000000003,5.942118398551857,0.0,25.137666666666668
2024-06-14,32.8,16.6,93.4,21.57,7.433333333333334,25.2792,6.480338593850951,0.0,28.88292
2024-06-15,34.9,19.8,79.48,24.98,9.745833333333334,23.0544,7.140045764463362,0.0,29.125312500000003
2024-06-16,30.6,21.2,89.5,33.14,10.6875,27.45,6.843727383776288,0.209,29.521416666666667
2024-06-17,30.4,19.3,88.76,36.87,9.641666666666667,28.0188,6.599495470486163,0.0,29.683354166666664
2024-06-18,31.5,19.5,88.58,36.86,9.729166666666666,27.7848,6.746061159375183,0.0,29.704833333333337
2024-06-19,31.2,21.7,81.66,26.29,9.9,25.56,6.901018956957287,0.0,29.524625
2024-06-20,30.2,19.1,63.98,23.76,9.566666666666666,27.943200000000004,7.222163616481587,0.0,29.312166666666663
2024-06-21,31.1,19.0,65.77,25.28,9.870833333333334,28.555200000000003,7.421396759625723,0.0,29.2081875
2024-06-22,32.9,17.8,77.34,23.34,8.625,26.593200000000003,7.062903642157281,0.089,29.116291666666665
2024-06-23,29.8,19.6,72.68,42.82,10.720833333333331,27.6228,6.691042594170277,0.0,29.026854166666663
2024-06-24,29.0,19.4,79.16,44.06,10.916666666666666,24.2856,6.043190836313158,0.0,28.72083333333333
2024-06-25,30.5,19.0,80.42,39.31,11.25,25.4232,6.547520771881637,0.0,28.808375
2024-06-26,29.8,19.8,84.87,30.64,15.4625,23.1804,7.000407582438856,0.444,28.91975
2024-06-27,29.7,21.0,79.29,41.04,12.4375,25.4016,6.60655637488151,0.684,29.06475
2024-06-28,30.5,23.9,82.19,46.6,9.875,15.364800000000002,4.88120074509802,0.0,32.266333333333336
2024-06-29,32.1,21.4,64.93,29.32,11.6625,28.08,7.851522200157047,0.0,47.70879166666666
2024-06-30,32.9,22.1,70.0,29.74,11.1625,27.0972,7.678811768759924,0.0,47.082145833333335
