date,ETo,humidity_max,humidity_avg,humidity_min,precip,solar_radiation_avg,temp_max,temp_avg,temp_min,windspeed_avg,humedad_sonda
2022-05-18,5.36,86.93,55.41,30.04,0.0,28.5,29.72,22.33,14.8,0.83,11.602296296296297
2022-05-19,5.19,78.91,51.48,24.67,0.0,28.74,28.54,20.53,11.91,0.8,11.290541666666668
2022-05-20,4.74,82.47,57.02,30.14,0.0,26.56,29.13,20.75,12.33,0.53,10.960166666666666
2022-05-21,4.73,82.23,50.32,25.94,0.0,25.34,30.19,21.29,12.64,0.6,10.694541666666666
2022-05-22,4.4,68.37,43.9,12.56,0.0,22.47,33.77,23.22,12.51,0.47,10.452770833333334
2022-05-23,5.15,79.26,47.73,21.58,0.0,29.06,31.24,22.64,12.15,0.47,10.237166666666669
2022-05-24,5.29,75.4,41.98,18.48,0.0,26.81,31.16,22.45,14.03,0.83,10.0240625
2022-05-25,5.13,77.37,44.96,24.52,0.0,30.7,23.39,16.97,9.67,1.07,9.868541666666667
2022-05-26,4.86,90.12,53.29,29.81,0.0,30.28,24.55,17.84,8.62,0.58,9.731833333333332
2022-05-27,5.16,76.26,42.66,20.04,0.0,30.13,30.15,21.31,10.64,0.47,9.589083333333331
2022-05-28,5.33,74.25,39.98,17.93,0.0,29.43,33.11,23.24,11.24,0.51,9.420708333333334
2022-05-29,5.31,66.06,33.05,9.82,0.0,28.38,34.15,24.48,15.06,0.54,9.247291666666667
2022-05-30,5.2,70.37,39.61,21.56,0.0,29.12,29.48,22.28,13.64,0.56,9.112083333333333
2022-05-31,5.58,75.56,48.22,25.57,0.0,29.48,30.6,22.23,12.72,0.84,9.010041666666668
2022-06-01,5.55,85.95,58.02,29.9,0.0,29.19,30.58,22.22,12.79,0.86,8.912541666666668
2022-06-02,4.33,85.92,53.24,19.32,0.0,21.68,31.78,23.07,15.04,0.48,8.834625
2022-06-03,5.34,82.92,54.64,34.21,0.0,28.74,29.42,22.19,14.21,0.72,8.761916666666666
2022-06-04,5.42,73.74,45.49,23.06,0.0,29.08,30.46,22.45,13.82,0.69,8.673395833333332
2022-06-05,4.66,68.67,40.34,21.19,0.0,25.47,29.94,22.19,12.59,0.47,8.580458333333334
2022-06-06,5.69,64.29,38.31,15.31,0.0,30.31,32.75,23.66,13.5,0.68,8.4714375
2022-06-07,5.76,64.25,36.74,13.17,0.0,29.33,35.33,25.01,13.61,0.69,8.3295
2022-06-08,5.43,62.31,36.45,15.57,0.0,25.94,34.77,25.71,14.26,0.75,8.1971875
2022-06-09,5.89,77.53,46.15,29.41,0.0,29.48,31.55,25.08,17.98,0.86,8.079125
2022-06-10,5.97,89.78,55.42,25.29,0.0,29.8,32.04,24.23,15.83,0.95,7.9841875
2022-06-11,5.85,89.92,47.99,20.56,0.0,30.07,32.05,23.5,13.82,0.85,7.895083333333333
2022-06-12,5.77,71.14,34.21,14.67,0.0,28.94,33.16,23.92,13.45,0.83,7.787875
2022-06-13,5.22,44.88,28.47,13.57,0.0,24.43,35.34,25.28,15.74,0.7,7.711291666666667
2022-06-14,5.75,55.15,29.54,11.56,0.0,26.79,38.15,27.89,17.16,0.71,7.7168125
2022-06-15,5.51,56.23,33.6,14.02,0.0,23.56,36.7,27.85,20.27,0.82,7.721666666666667
2022-06-16,5.81,61.1,34.17,14.8,0.0,26.84,36.25,27.56,18.69,0.78,7.650875
2022-06-17,5.89,56.21,31.31,13.17,0.0,28.42,36.75,27.02,17.15,0.72,7.550166666666667
2022-06-18,6.17,52.1,29.96,13.83,0.0,28.66,36.16,27.06,16.14,0.93,7.452708333333334
2022-06-19,5.92,71.58,41.17,21.45,0.0,28.06,34.1,25.89,16.32,0.91,7.390145833333332
2022-06-20,5.18,80.73,54.87,32.39,0.0,23.79,32.9,25.04,16.49,0.9,7.3655
2022-06-21,3.74,87.32,63.39,27.93,4.2,16.7,31.21,23.02,18.02,0.55,7.693916666666666
2022-06-22,5.69,92.85,49.3,9.08,0.0,32.19,33.1,22.82,14.47,0.47,7.740958333333334
2022-06-23,5.69,71.48,37.39,11.68,0.0,31.4,32.13,23.5,13.71,0.6,7.643791666666666
2022-06-24,5.61,71.29,40.07,21.74,0.0,30.96,30.75,22.92,13.25,0.61,7.568583333333333
2022-06-25,5.9,66.47,38.49,19.27,0.0,31.03,32.74,23.84,13.85,0.74,7.606270833333333
2022-06-26,6.0,78.17,44.05,20.71,0.0,30.82,31.75,23.58,14.2,0.91,7.665833333333333
2022-06-27,5.57,78.53,48.37,14.65,0.0,28.88,31.49,23.04,14.08,0.77,7.5868125
2022-06-28,5.42,84.23,54.09,30.23,0.0,27.4,31.31,24.41,18.1,0.69,7.5957291666666675
2022-06-29,6.0,71.26,43.04,22.37,0.0,30.16,32.41,24.55,15.91,0.88,7.870208333333333
2022-06-30,5.8,70.01,43.62,20.92,0.0,29.15,32.55,24.61,14.61,0.84,8.2533125
2022-07-01,5.67,83.28,60.01,36.46,0.0,29.42,29.4,22.5,15.13,1.03,8.221791666666666
2022-07-02,5.52,88.98,58.78,31.75,0.0,27.64,30.6,23.54,16.1,0.94,8.192708333333334
2022-07-03,5.47,82.07,51.95,32.74,0.0,25.29,32.72,26.0,17.7,0.97,8.163583333333333
2022-07-04,5.68,81.21,49.92,25.4,0.0,26.12,35.5,27.48,19.14,0.78,8.088083333333334
2022-07-05,4.88,77.28,61.01,46.27,0.0,22.22,31.46,25.71,19.94,0.94,8.061708333333334
2022-07-06,5.62,86.28,64.06,39.79,0.0,26.7,31.94,25.69,20.95,0.94,8.071875
2022-07-07,5.28,87.82,57.03,31.91,0.0,25.9,31.97,24.78,17.99,0.74,8.030604166666667
2022-07-08,5.9,82.37,46.2,23.71,0.0,29.86,33.26,25.52,17.34,0.73,7.972625
2022-07-09,6.02,72.45,43.6,16.71,0.0,30.05,33.67,25.26,15.5,0.86,7.884895833333334
2022-07-10,6.05,83.17,47.09,18.97,0.0,29.46,34.66,26.02,16.31,0.85,7.7929375
2022-07-11,5.96,68.16,36.84,14.96,0.0,29.17,34.38,25.73,15.74,0.86,7.68775
2022-07-12,5.78,62.63,35.0,16.0,0.0,29.85,34.69,25.71,15.06,0.67,7.561645833333333
2022-07-13,5.88,55.75,29.08,9.74,0.0,29.3,37.13,27.63,17.2,0.69,7.497064516129032
2022-07-14,5.94,49.97,27.51,12.15,0.0,28.3,37.63,27.81,17.01,0.78,7.344090909090909
2022-07-15,5.86,54.5,32.19,14.41,0.0,29.4,36.19,26.99,16.22,0.7,7.262875
2022-07-16,5.8,61.64,32.86,13.56,0.0,29.32,36.62,27.35,16.42,0.64,7.175666666666667
2022-07-17,5.73,60.32,32.8,13.24,0.0,29.83,35.57,26.93,15.77,0.62,7.088875000000001
2022-07-18,5.95,56.48,34.28,16.0,0.0,28.98,35.92,27.0,17.22,0.79,7.020125
2022-07-19,5.81,67.24,38.92,14.78,0.0,27.95,36.46,27.06,16.72,0.76,6.969416666666667
2022-07-25,4.66,66.56,29.68,10.22,0.2,18.72,40.17,31.04,21.43,0.58,6.571208333333334
2022-07-26,5.96,81.45,42.26,25.51,0.0,26.53,35.54,27.46,18.55,1.08,6.538916666666666
2022-07-27,5.36,90.33,63.17,35.09,0.0,24.96,33.93,26.76,19.74,0.85,6.626541666666667
2022-07-28,5.78,90.45,59.2,30.11,0.0,27.02,35.23,27.44,19.45,0.87,6.742812499999999
2022-07-29,5.95,87.98,60.5,29.78,0.0,27.14,35.93,27.15,18.39,1.01,6.715791666666667
2022-07-30,4.33,80.56,65.33,44.23,0.0,17.83,31.96,26.27,21.31,1.1,6.7513125
2022-07-31,5.74,84.27,57.92,28.72,0.0,27.01,34.34,26.34,18.92,0.95,6.770604166666666
2022-08-01,5.67,87.52,54.67,29.69,0.0,26.41,34.96,27.26,19.21,0.9,6.730270833333333
2022-08-02,5.06,76.47,44.56,18.76,0.0,23.24,36.13,27.27,18.67,0.7,6.662979166666666
2022-08-03,5.85,57.55,34.24,13.93,0.0,27.21,38.04,27.79,17.54,0.85,6.5450625
2022-08-04,5.22,55.14,35.69,21.52,0.0,24.41,34.66,26.64,17.41,0.82,6.471604166666666
2022-08-05,5.66,64.79,39.5,14.84,0.0,27.48,35.68,26.25,16.62,0.84,6.442395833333333
2022-08-06,5.6,67.86,42.99,19.56,0.0,27.14,34.83,26.04,16.63,0.87,6.448916666666666
2022-08-07,5.6,74.96,46.69,17.09,0.0,27.25,35.47,26.65,17.17,0.82,6.434958333333333
2022-08-08,5.61,78.68,48.63,21.21,0.0,27.0,35.2,26.35,17.03,0.87,6.414979166666666
2022-08-09,5.09,84.53,53.04,23.9,0.0,23.64,34.35,26.08,17.96,0.85,6.414416666666667
2022-08-10,5.26,74.45,50.29,27.14,0.0,25.05,33.4,26.15,19.17,0.87,6.406354166666667
2022-08-11,5.29,73.98,44.87,23.46,0.0,25.98,34.02,25.61,15.89,0.84,6.354229166666666
2022-08-12,3.9,63.95,42.11,14.03,6.1,17.14,36.46,26.57,17.8,0.51,6.3011875
2022-08-13,4.38,71.74,48.44,24.5,0.1,17.01,33.9,26.33,20.28,0.97,6.434458333333333
2022-08-14,3.71,78.54,44.42,22.87,0.0,18.08,35.25,27.08,18.06,0.32,6.632104166666667
2022-08-15,4.92,54.37,27.98,8.65,0.0,27.61,37.46,26.96,17.46,0.45,6.506458333333334
2022-08-16,4.85,50.35,29.69,7.27,0.0,27.08,36.41,26.27,17.3,0.51,6.287145833333334
2022-08-17,4.81,67.65,39.28,16.33,0.2,25.56,32.91,24.17,15.59,0.65,6.194354166666667
2022-08-18,4.95,82.0,44.09,15.4,0.0,26.93,31.95,23.2,13.66,0.72,6.170458333333333
2022-08-19,4.86,77.75,50.62,26.4,0.0,26.2,32.36,23.79,15.3,0.64,6.166104166666667
2022-08-20,5.1,78.5,51.35,25.23,0.0,25.73,33.52,24.66,15.17,0.79,6.170750000000001
2022-08-21,4.97,72.07,34.15,9.46,0.0,26.12,38.96,28.48,16.79,0.53,6.1243541666666665
2022-08-22,5.31,71.23,39.43,23.6,0.0,25.53,33.61,26.42,17.49,1.01,6.054895833333333
2022-08-23,5.06,87.48,58.31,32.99,0.0,25.08,33.11,25.2,16.69,0.92,6.104020833333333
2022-08-24,4.65,83.62,53.14,27.51,0.0,22.43,33.86,25.79,17.05,0.78,6.127583333333334
2022-08-25,5.0,82.53,54.33,22.74,0.0,24.27,34.64,25.92,18.26,0.82,6.117291666666667
2022-08-26,4.01,91.12,68.26,37.35,2.6,19.63,31.62,23.22,16.91,0.74,6.120291666666667
2022-08-27,4.54,91.53,64.03,33.19,0.0,23.55,31.86,24.05,16.57,0.74,6.276458333333333
2022-08-28,4.76,91.75,62.74,34.47,0.0,24.46,31.84,24.32,17.19,0.85,6.321541666666666
2022-08-29,2.32,82.67,58.47,27.63,0.0,8.75,31.06,24.51,18.87,0.4,6.284895833333334
2022-08-30,3.49,87.3,53.81,28.8,0.9,15.98,34.02,25.73,17.4,0.53,6.412270833333333
2022-08-31,3.37,91.32,65.07,33.53,3.8,17.53,30.74,24.47,18.58,0.35,8.857666666666667
2022-09-01,4.05,72.94,47.34,26.21,0.0,19.71,33.42,25.86,18.07,0.64,9.709083333333334
2022-09-02,3.65,52.49,35.11,19.83,0.0,17.42,33.47,25.28,19.86,0.53,9.794625
2022-09-03,3.8,65.73,41.98,19.93,0.1,19.01,32.56,23.66,17.7,0.58,9.5809375
2022-09-04,4.51,67.5,42.46,15.35,0.0,24.46,33.79,23.89,14.51,0.7,9.301
2022-09-05,4.32,65.94,39.75,18.82,0.0,24.04,34.07,24.49,14.89,0.58,8.974895833333333
2022-09-06,4.13,59.38,35.58,14.57,0.0,24.2,34.34,24.16,13.74,0.51,8.6099375
2022-09-07,3.91,55.97,33.68,14.45,0.0,22.97,34.16,24.43,15.4,0.45,8.2553125
2022-09-08,4.03,57.27,30.85,13.43,0.0,23.8,33.79,24.24,13.83,0.52,7.928333333333334
2022-09-09,4.13,56.69,37.89,21.22,0.0,22.28,34.32,25.27,16.04,0.6,7.654229166666667
2022-09-10,4.5,75.03,46.87,22.6,0.0,23.03,32.94,24.64,15.97,0.89,7.439958333333333
2022-09-11,4.09,85.08,53.73,19.48,0.0,21.21,34.2,24.99,17.48,0.63,7.304479166666667
2022-09-12,3.14,64.38,47.52,25.13,0.0,13.57,32.79,24.46,18.21,0.6,7.175854166666666
2022-09-13,1.52,89.02,74.13,54.22,3.5,5.88,24.82,22.5,20.11,0.29,9.800229166666666
2022-09-14,2.61,89.75,65.78,33.13,0.2,13.7,28.26,21.92,17.34,0.36,11.660833333333334
2022-09-15,3.43,81.55,51.25,26.57,0.0,21.07,29.83,22.18,13.79,0.4,11.256541666666664
2022-09-16,3.53,79.18,53.67,26.22,0.0,20.77,31.0,22.86,15.02,0.47,10.901604166666669
2022-09-17,3.92,85.93,59.93,32.13,0.0,21.16,29.89,22.58,15.48,0.89,10.577041666666666
2022-09-18,2.04,92.35,79.13,58.93,4.3,9.4,24.92,20.83,18.07,0.63,10.370145833333334
2022-09-19,3.4,90.52,63.05,31.82,0.0,19.34,28.51,22.04,16.77,0.61,10.503145833333331
2022-09-20,3.43,87.97,60.48,30.65,0.0,19.36,29.02,21.44,13.69,0.71,10.335895833333334
2022-09-21,2.33,91.32,73.87,44.22,10.5,13.06,25.47,19.53,16.16,0.37,10.084895833333333
2022-09-22,3.23,93.18,72.33,31.21,18.5,19.69,29.11,20.17,14.91,0.49,12.712270833333331
2022-09-23,2.85,93.53,70.96,42.76,0.0,16.66,27.46,20.52,15.05,0.5,18.808104166666663
2022-09-24,2.96,91.5,64.69,31.4,0.0,17.38,29.54,21.15,13.61,0.47,16.261208333333332
2022-09-25,2.4,90.08,75.84,53.61,0.4,13.61,24.39,17.92,13.11,0.69,14.898333333333332
2022-09-26,2.58,89.53,73.42,40.73,0.1,16.61,25.12,17.67,13.08,0.43,14.129604166666669
2022-09-27,3.43,74.03,42.69,18.93,0.0,21.07,27.17,19.22,12.06,0.83,13.585458333333332
2022-09-28,3.51,54.66,34.99,17.7,0.0,20.87,28.76,20.92,13.37,0.83,13.110354166666667
2022-09-29,2.78,81.89,47.74,24.6,1.6,13.4,24.81,18.7,13.79,0.95,12.647
2022-09-30,3.29,67.46,46.91,28.41,0.0,20.91,22.04,16.12,10.34,1.19,12.368875
2022-10-01,2.6,77.88,51.14,18.64,0.0,20.37,24.47,15.6,7.22,0.43,12.131729166666666
2022-10-02,2.57,89.47,62.67,34.78,0.0,18.6,25.29,16.81,7.9,0.43,11.872520833333333
2022-10-03,2.22,89.53,60.51,29.43,3.4,12.49,26.8,19.24,14.16,0.44,11.685520833333332
2022-10-04,2.16,89.68,57.92,28.7,0.1,13.63,27.05,19.82,14.07,0.28,11.836854166666669
2022-10-05,2.05,93.23,75.94,49.36,0.0,12.09,24.7,18.4,12.92,0.48,11.724312500000002
2022-10-06,1.44,93.67,88.33,64.06,10.4,8.01,21.52,17.13,14.91,0.25,17.74235416666667
2022-10-07,2.28,94.32,77.59,47.04,0.8,16.29,23.88,17.38,12.6,0.36,21.3808125
2022-10-08,2.36,93.83,74.95,41.48,0.0,16.35,24.61,18.1,12.86,0.45,18.826916666666666
2022-10-09,2.1,91.93,73.15,54.52,0.0,13.36,23.55,18.18,12.94,0.55,17.353854166666668
2022-10-10,1.6,93.2,79.91,53.61,0.0,9.55,23.14,16.49,13.14,0.33,19.76875
2022-10-11,1.67,94.13,77.83,51.1,0.1,11.13,22.33,16.29,10.65,0.28,23.616041666666664
2022-10-12,2.18,92.2,74.96,47.7,0.0,15.39,23.15,17.46,12.82,0.5,21.592583333333334
2022-10-13,2.14,93.57,65.52,28.25,4.1,17.74,24.79,17.35,11.19,0.26,19.978729166666668
2022-10-14,2.26,77.13,49.79,25.18,0.0,17.53,27.69,19.36,11.06,0.36,18.7193125
2022-10-15,2.24,72.09,53.33,27.36,0.0,15.41,27.85,18.43,10.74,0.47,17.722270833333333
2022-10-16,1.77,73.73,54.58,28.19,0.0,11.17,26.39,18.56,11.78,0.32,16.894166666666667
2022-10-17,2.46,90.93,61.68,31.04,0.0,16.09,26.98,19.93,14.64,0.64,16.296937500000002
2022-10-18,2.21,93.18,77.55,48.45,0.0,14.53,27.01,19.05,12.55,0.57,15.820979166666667
2022-10-19,2.08,92.2,73.9,37.98,0.0,13.31,28.34,20.61,15.13,0.41,15.373875
2022-10-20,1.28,91.93,78.74,59.28,0.0,6.44,23.68,19.59,16.65,0.29,14.9696875
2022-10-21,1.78,93.25,68.52,19.96,0.0,10.54,28.7,19.82,13.32,0.36,14.692854166666669
2022-10-22,1.69,88.35,66.54,36.16,0.0,11.16,26.29,18.57,12.94,0.33,14.384916666666667
2022-10-23,1.54,87.62,61.86,44.34,0.0,9.02,24.82,18.94,14.09,0.36,14.107666666666669
2022-10-24,2.0,49.72,33.34,12.0,0.0,13.04,31.18,21.82,14.57,0.46,13.7926875
2022-10-25,2.16,57.01,38.12,11.44,0.0,12.04,31.65,19.96,12.08,0.55,13.475
2022-10-26,1.6,56.35,40.73,24.66,0.0,9.94,27.52,19.67,14.05,0.33,13.2079375
2022-10-27,1.89,77.95,50.35,22.49,0.0,14.22,27.94,18.21,11.03,0.45,12.969291666666663
2022-10-28,1.81,82.47,58.2,24.1,0.0,13.23,26.55,16.77,9.42,0.48,12.740104166666669
2022-10-29,1.52,89.13,72.35,47.17,0.0,13.04,23.14,14.94,7.31,0.34,12.548104166666668
2022-10-30,1.39,92.75,78.97,57.31,0.0,10.67,22.85,16.34,11.54,0.28,12.423304347826086
2022-10-31,1.29,93.97,75.35,54.14,0.0,9.03,22.93,17.55,12.47,0.25,12.342479166666664
2022-11-01,1.59,89.45,58.27,31.96,0.0,13.12,25.5,18.75,11.11,0.35,12.263625
2022-11-02,1.47,93.07,77.5,53.08,0.0,11.01,23.28,17.14,11.86,0.42,12.116958333333336
2022-11-03,1.37,93.28,68.0,38.23,0.0,10.48,22.85,16.44,10.92,0.36,11.996020833333333
2022-11-04,1.76,77.63,56.11,30.9,0.0,11.94,23.68,15.98,8.33,0.73,11.9116875
2022-11-05,1.31,79.56,49.04,17.0,0.0,14.25,22.29,12.23,4.16,0.37,11.731791666666666
2022-11-06,1.15,68.94,41.59,11.35,0.0,14.13,24.61,12.92,4.06,0.27,11.6030625
2022-11-07,1.41,69.04,43.08,19.18,0.0,13.71,23.41,13.55,5.3,0.46,11.4949375
2022-11-08,1.01,72.1,55.97,34.07,0.0,8.96,20.05,12.25,5.92,0.23,11.3656875
2022-11-09,1.23,92.98,64.03,36.95,0.2,9.97,21.91,14.71,9.1,0.38,11.332708333333334
2022-11-10,1.17,95.1,74.17,42.0,0.1,12.79,19.39,12.01,5.91,0.36,11.244270833333331
2022-11-11,0.81,93.87,83.29,66.36,1.1,5.62,15.76,12.5,7.79,0.2,11.1891875
2022-11-12,1.0,93.73,82.28,62.74,0.1,6.12,20.14,15.1,12.27,0.43,11.309041666666666
2022-11-13,1.06,94.65,82.42,56.9,0.0,8.47,20.08,14.34,11.57,0.35,11.323645833333332
2022-11-14,1.1,94.05,68.6,35.91,0.0,11.29,21.92,14.2,7.83,0.3,11.280395833333332
2022-11-15,1.42,75.15,55.34,34.88,0.0,7.47,21.31,16.89,10.97,0.74,11.311854166666668
2022-11-16,2.04,75.31,54.28,37.06,0.0,7.85,20.82,17.43,15.43,1.56,11.268083333333337
2022-11-17,2.67,65.51,51.68,32.25,0.0,11.12,23.45,18.85,15.25,1.95,11.236479166666667
2022-11-18,1.18,76.83,60.05,47.84,0.0,1.87,17.31,13.7,9.71,0.88,11.084354166666666
2022-11-19,1.99,53.78,41.64,30.57,0.0,11.48,13.7,10.84,8.25,1.85,10.942583333333332
2022-11-20,1.44,69.68,50.41,30.01,0.0,11.1,19.58,11.87,4.82,0.87,10.910083333333333
2022-11-21,1.76,72.86,51.91,34.74,0.0,6.74,20.21,14.92,8.29,1.33,10.862125
2022-11-22,1.61,57.29,42.73,29.16,0.0,8.24,16.58,13.67,7.51,1.21,10.82775
2022-11-23,1.9,66.73,52.18,34.58,0.0,8.82,22.94,17.62,13.13,1.24,10.858145833333332
2022-11-24,1.05,82.77,64.12,37.94,0.0,10.47,22.97,15.31,10.32,0.37,10.809937499999998
2022-11-25,1.38,79.1,56.62,31.75,0.0,8.76,20.86,14.27,8.61,0.83,10.745
2022-11-26,0.7,74.21,49.2,23.19,0.0,10.74,18.21,8.74,2.34,0.24,10.5969375
2022-11-27,0.72,72.61,47.86,22.34,0.0,9.7,17.61,8.13,1.98,0.27,10.491104166666666
2022-11-28,1.45,68.48,43.05,24.03,0.0,10.41,16.35,11.1,3.81,1.15,10.447208333333334
2022-11-29,0.8,73.27,51.88,27.28,0.0,10.2,16.31,7.75,1.45,0.4,10.356875
2022-11-30,0.64,74.22,57.16,36.46,0.0,9.09,14.74,7.92,2.1,0.24,10.290458333333332
2022-12-01,0.55,90.67,73.93,57.76,0.4,3.88,11.45,8.05,3.8,0.08,10.2364375
2022-12-02,0.62,92.43,79.63,72.8,1.1,2.13,9.86,8.69,7.86,0.55,10.231166666666669
2022-12-03,0.71,88.92,70.88,45.77,0.0,9.52,14.31,9.52,5.95,0.36,10.854166666666666
2022-12-04,0.78,91.65,75.01,55.96,0.1,8.18,15.77,9.94,4.82,0.51,11.1435
2022-12-05,0.69,92.12,79.27,57.18,0.0,5.61,15.68,10.63,6.44,0.3,11.142375
2022-12-06,0.58,94.97,91.22,74.27,2.9,4.49,14.47,11.07,9.58,0.08,11.479125000000002
2022-12-07,0.67,94.4,80.69,61.48,0.0,6.59,15.76,11.74,8.54,0.24,11.979833333333334
2022-12-08,0.69,95.32,82.95,55.05,0.1,6.81,17.72,11.57,7.91,0.26,12.051604166666666
2022-12-09,0.93,92.12,71.23,52.09,0.6,4.87,17.41,12.69,9.28,0.7,12.043854166666668
2022-12-10,1.16,86.25,58.81,34.23,0.0,8.64,18.33,12.29,7.46,0.87,11.963270833333333
2022-12-11,0.91,92.42,70.1,52.94,1.7,5.65,17.07,12.43,8.91,0.7,11.888333333333334
2022-12-12,1.09,74.67,60.41,44.02,0.0,8.07,21.7,16.01,10.38,0.65,12.022333333333334
2022-12-13,1.65,65.48,55.88,41.93,0.0,6.57,23.3,19.52,17.81,1.1,12.118583333333332
2022-12-14,1.17,92.6,63.88,38.91,3.3,4.07,20.35,15.52,12.14,0.81,12.5778125
2022-12-15,0.81,77.76,67.97,56.78,0.0,4.85,15.66,11.99,8.15,0.53,16.383854166666666
2022-12-16,0.69,86.25,72.61,49.57,0.0,6.54,15.59,9.87,5.83,0.36,15.832291666666668
2022-12-17,0.7,88.3,72.5,46.74,0.0,6.31,16.13,10.38,5.59,0.35,15.302145833333334
2022-12-18,0.69,93.97,79.49,55.35,0.0,8.2,15.41,8.52,2.73,0.46,14.85075
2022-12-19,0.59,96.08,85.49,62.35,0.0,9.17,14.66,7.9,2.84,0.3,14.392125
2022-12-20,0.64,95.63,74.6,45.96,0.0,7.89,15.76,9.57,3.95,0.31,14.025791666666668
2022-12-21,0.91,76.38,60.34,33.17,0.0,7.6,19.1,12.1,7.86,0.49,13.842104166666669
2022-12-22,0.75,89.55,67.97,42.96,0.0,8.97,19.08,11.83,6.45,0.37,13.549083333333334
2022-12-23,0.65,90.92,71.15,41.46,0.0,8.78,19.61,11.06,5.52,0.23,13.2439375
2022-12-24,0.73,87.3,62.3,33.6,0.0,9.14,20.57,11.95,4.51,0.32,13.01525
2022-12-25,1.03,68.43,49.37,26.78,0.0,9.2,20.76,13.08,7.3,0.59,12.817875
2022-12-26,0.66,81.12,57.82,28.53,0.0,9.17,20.39,11.05,4.38,0.26,12.5444375
2022-12-27,0.66,74.18,54.81,28.21,0.0,9.33,19.65,10.42,4.53,0.27,12.324875
2022-12-28,0.67,76.89,56.36,28.63,0.0,9.15,17.38,8.87,3.12,0.32,12.105416666666668
2022-12-29,0.86,70.07,47.8,24.02,0.0,8.93,19.55,11.04,4.38,0.44,11.948104166666669
2022-12-30,0.9,67.7,45.97,23.94,0.0,8.69,20.25,13.0,7.85,0.44,11.851270833333333
2022-12-31,0.71,75.41,53.18,31.39,0.0,8.82,18.92,10.47,4.6,0.3,11.685729166666668
2023-01-01,0.68,61.19,46.22,26.02,0.0,8.2,16.97,8.79,2.6,0.29,11.5321875
2023-01-02,0.75,59.32,44.45,24.71,0.0,8.48,17.64,11.05,5.11,0.34,11.469708333333337
2023-01-03,0.73,85.7,64.52,40.01,0.0,9.27,17.55,11.27,6.73,0.32,11.417333333333334
2023-01-04,0.54,95.78,86.48,72.48,0.0,5.8,11.56,6.49,2.66,0.21,11.153375
2023-01-05,0.63,95.83,78.08,49.16,0.0,9.67,13.89,7.35,3.21,0.29,11.109625
2023-01-06,0.7,89.47,66.4,33.74,0.0,9.92,16.11,7.04,0.33,0.34,11.046645833333336
2023-01-07,0.84,83.98,62.16,34.89,0.0,10.0,16.02,8.38,2.41,0.5,11.016666666666666
2023-01-08,1.56,63.68,54.54,39.14,0.0,3.4,19.72,15.6,10.94,1.11,11.070166666666664
2023-01-09,1.65,77.66,53.98,32.57,0.0,7.66,20.76,15.39,7.42,1.27,11.106020833333334
2023-01-10,0.87,91.03,64.94,33.26,0.0,9.72,18.86,10.7,5.22,0.4,10.973833333333332
2023-01-11,1.05,83.85,65.9,39.98,0.0,10.39,18.19,10.04,3.88,0.67,10.875895833333333
2023-01-12,0.81,92.88,72.27,44.73,0.0,9.62,16.25,8.94,4.11,0.4,10.80525
2023-01-13,0.8,87.57,63.0,30.97,0.0,9.9,16.61,7.54,1.61,0.36,10.65425
2023-01-14,0.81,74.7,55.12,30.68,0.0,10.33,16.29,7.41,0.93,0.37,10.629395833333334
2023-01-15,1.65,68.88,48.72,26.57,0.0,10.01,19.38,10.89,3.66,1.13,10.605270833333334
2023-01-16,1.96,61.99,44.63,28.57,0.0,9.27,16.2,10.77,5.91,1.74,10.557770833333334
2023-01-17,3.37,50.19,39.01,28.74,0.0,10.17,17.66,13.82,9.64,3.65,10.578208333333334
2023-01-18,1.58,82.9,51.01,36.92,1.5,9.46,8.91,6.42,2.33,2.6,10.1613125
2023-01-19,1.34,70.46,42.76,18.95,0.0,10.99,13.0,7.23,-0.47,1.05,10.169895833333332
2023-01-20,1.7,68.18,52.08,32.51,0.0,9.29,16.53,11.66,7.26,1.37,10.367479166666667
2023-01-21,1.36,83.33,50.55,21.61,0.0,8.78,14.53,8.86,5.0,0.96,10.373479166666668
2023-01-22,1.57,43.57,28.14,18.76,0.0,11.84,10.0,5.28,0.24,1.38,10.214166666666667
2023-01-23,1.29,61.97,37.2,25.8,0.0,12.08,8.63,4.03,-1.0,1.2,10.1423125
2023-01-24,0.69,79.63,62.26,41.37,0.0,8.51,8.05,2.21,-3.85,0.33,10.0805
2023-01-25,0.8,90.2,67.34,42.1,0.0,7.04,9.75,2.73,-3.99,0.52,10.014041666666666
2023-01-26,1.08,62.76,51.31,42.25,0.0,4.25,8.24,5.05,1.08,1.0,9.9595
2023-01-27,1.26,82.12,50.76,25.28,0.0,12.77,11.99,4.72,-2.98,0.93,10.035958333333332
2023-01-28,0.8,77.14,52.66,26.25,0.0,12.86,10.73,2.48,-4.05,0.3,10.028229166666668
2023-01-29,0.91,80.23,61.86,36.01,0.0,12.96,9.55,2.98,-4.67,0.48,9.967541666666667
2023-01-30,0.92,93.52,65.1,34.7,0.0,13.08,11.91,5.11,-0.7,0.34,9.982958333333334
2023-01-31,0.94,78.29,43.91,14.15,0.0,13.7,15.74,5.66,-2.24,0.29,9.948770833333333
2023-02-01,1.1,87.95,52.36,24.7,0.0,13.6,13.83,5.09,-2.87,0.49,9.900083333333331
2023-02-02,1.02,92.58,56.47,20.98,0.0,13.9,14.2,5.54,-0.22,0.34,9.876479166666668
2023-02-03,1.17,62.99,39.12,15.91,0.0,14.14,16.59,6.43,-0.75,0.42,9.850625
2023-02-04,1.07,68.49,32.96,8.47,0.0,14.64,20.62,8.37,-1.26,0.27,9.824479166666666
2023-02-05,1.45,81.13,41.66,16.12,0.0,14.57,16.83,8.18,0.5,0.64,9.7875
2023-02-06,0.96,95.32,81.23,60.27,5.9,8.87,10.38,4.49,-0.48,0.75,9.638395833333334
2023-02-07,0.7,95.9,86.32,73.74,2.1,4.74,7.87,5.91,4.25,0.37,12.077833333333333
2023-02-08,0.89,94.92,82.05,59.77,2.7,6.56,11.21,7.28,4.07,0.48,15.087645833333331
2023-02-09,0.71,95.83,89.06,69.37,1.8,3.93,8.03,6.19,5.06,0.45,23.683208333333337
2023-02-10,0.93,97.38,82.96,47.01,2.1,8.39,9.37,4.64,-0.12,0.47,23.012104166666663
2023-02-11,0.53,96.33,95.05,92.98,12.0,2.18,6.62,5.06,3.13,0.46,26.31341666666667
2023-02-12,0.7,96.07,87.79,72.12,0.2,4.01,8.67,6.51,5.17,0.28,28.27927083333333
2023-02-13,0.79,94.75,83.51,68.61,0.0,4.6,9.8,6.8,3.87,0.48,27.078916666666668
2023-02-14,0.58,89.95,83.76,78.3,0.0,1.53,8.24,7.41,6.27,0.16,26.13970833333333
2023-02-15,0.72,91.33,82.17,70.02,0.0,3.35,10.61,8.18,6.32,0.21,25.54339583333333
2023-02-16,1.41,96.57,77.79,36.26,0.0,14.27,14.87,7.63,2.21,0.47,24.82677083333333
2023-02-17,1.26,96.78,80.15,46.0,0.0,11.3,13.34,7.46,2.22,0.49,23.7680625
2023-02-18,1.18,94.98,81.07,45.48,0.3,8.89,14.79,8.99,5.42,0.38,25.897166666666667
2023-02-19,1.5,96.45,70.31,34.47,0.1,13.26,16.6,8.86,2.31,0.48,26.01216666666667
2023-02-20,1.45,82.22,61.15,27.59,0.0,11.98,17.42,8.81,2.71,0.41,24.003208333333333
2023-02-21,1.75,91.72,66.74,33.32,6.3,14.16,20.33,11.15,5.36,0.5,22.71075
2023-02-22,1.59,86.82,61.58,33.12,0.0,13.63,19.36,12.08,5.67,0.31,21.9128125
2023-02-23,1.7,85.52,72.06,57.05,0.0,15.96,15.53,9.62,4.5,0.59,21.049979166666667
2023-02-24,1.23,80.3,57.48,29.38,0.0,10.63,12.24,6.12,1.35,0.33,20.947041666666667
2023-02-25,1.27,80.28,57.52,33.53,0.2,9.48,10.65,5.59,1.24,0.55,20.127458333333333
2023-02-26,2.18,78.51,48.64,30.42,0.0,16.85,12.76,7.88,1.83,1.49,19.4738125
2023-02-27,2.33,52.95,33.09,17.89,0.0,19.19,9.22,4.83,-0.41,1.67,18.662791666666667
2023-02-28,2.37,53.79,34.49,16.15,0.0,19.18,13.61,5.88,-0.68,1.22,18.0419375
2023-03-01,1.84,71.03,45.77,27.0,0.0,17.28,12.85,4.58,-2.63,0.77,17.510895833333333
2023-03-02,1.97,57.71,38.64,22.03,0.0,15.01,11.22,5.38,-0.51,1.06,17.119291666666665
2023-03-03,2.17,77.69,44.04,20.33,0.0,19.48,15.63,7.17,0.5,0.77,16.780125
2023-03-04,2.01,90.45,59.46,23.34,0.0,19.2,16.06,7.31,-1.12,0.55,16.438020833333333
2023-03-05,1.93,93.1,56.05,24.4,2.9,14.07,17.05,8.95,1.05,0.68,16.1286875
2023-03-06,1.93,96.47,66.47,34.26,0.1,13.79,16.97,10.63,3.93,0.71,16.611104166666667
2023-03-07,2.55,80.13,52.07,22.08,0.0,15.75,20.63,13.7,8.07,0.91,16.419875
2023-03-08,2.91,67.08,46.92,30.14,0.0,16.58,24.73,17.74,8.99,0.98,16.070833333333333
2023-03-09,1.8,63.61,52.36,37.22,0.0,6.02,21.82,15.63,12.0,0.7,15.623145833333332
2023-03-10,3.26,50.86,36.25,21.32,0.0,18.88,23.64,17.57,12.26,1.06,15.321708333333332
2023-03-11,3.37,64.9,43.58,14.24,0.0,20.3,28.11,17.24,9.79,0.84,14.9305625
2023-03-12,2.93,78.75,50.23,25.31,0.0,20.4,27.03,17.71,9.4,0.51,14.5351875
2023-03-13,3.7,71.49,40.22,9.73,0.0,20.22,30.19,19.04,9.79,0.94,14.150333333333334
2023-03-14,3.49,59.38,33.15,12.98,0.0,21.06,23.0,15.59,8.86,1.15,13.764
2023-03-15,2.91,56.85,38.02,17.97,0.0,21.42,23.15,14.12,5.35,0.64,13.444333333333333
2023-03-16,3.18,70.07,43.15,22.44,0.0,21.51,22.26,13.78,5.29,0.95,13.1668125
2023-03-17,2.7,75.79,51.34,22.43,0.0,19.92,21.67,12.76,4.66,0.58,12.930291666666667
2023-03-18,2.04,76.59,61.5,40.59,1.4,13.32,17.58,12.33,7.58,0.54,12.813458333333331
2023-03-19,2.91,79.4,55.64,24.93,0.0,21.62,19.98,11.98,4.98,0.77,12.9284375
2023-03-20,2.86,83.68,51.36,16.22,0.0,22.28,21.92,13.24,4.4,0.5,12.8711875
2023-03-21,3.01,70.19,41.67,14.23,0.0,21.33,24.32,14.57,5.04,0.57,12.687833333333332
2023-03-22,3.26,63.79,36.94,18.16,0.0,22.5,24.73,16.09,6.29,0.64,12.483
2023-03-23,3.36,60.97,31.97,10.33,0.0,22.93,27.88,17.37,7.08,0.57,12.252666666666668
2023-03-24,3.44,56.16,32.12,13.95,0.0,20.09,27.36,18.05,9.6,0.74,12.016645833333332
2023-03-25,3.33,67.62,42.61,20.18,0.0,22.4,26.74,17.61,8.58,0.52,11.801041666666668
2023-03-26,4.4,67.46,35.36,9.49,0.0,23.51,29.29,20.03,11.32,1.12,11.602666666666666
2023-03-27,3.48,81.15,35.23,13.73,0.0,22.95,23.35,15.18,7.47,0.79,11.361458333333331
2023-03-28,3.4,83.0,55.88,27.7,0.0,23.45,21.66,12.72,4.18,0.93,11.158354166666667
2023-03-29,3.56,92.42,57.24,17.04,0.0,23.33,24.64,13.74,4.4,0.81,11.040375
2023-03-30,3.94,57.49,29.35,11.17,0.0,22.92,30.31,19.76,8.52,0.74,10.952645833333332
2023-03-31,3.93,38.4,24.59,11.94,0.0,15.86,26.96,21.37,13.81,1.22,10.785125
2023-04-01,4.34,57.52,35.07,17.76,0.0,21.69,26.12,19.47,12.74,1.32,10.656479166666667
2023-04-02,4.99,51.96,26.96,12.63,0.0,25.53,22.06,16.14,10.44,2.1,10.51525
2023-04-03,3.78,76.55,34.9,10.88,0.0,25.38,22.35,13.54,4.88,0.91,10.337041666666666
2023-04-04,3.38,87.6,59.57,26.28,0.0,23.15,20.45,12.69,6.36,0.85,10.233395833333333
2023-04-05,3.46,91.65,59.5,21.91,0.0,24.95,19.72,11.24,3.01,0.9,10.127083333333331
2023-04-06,3.17,82.23,46.38,19.75,0.0,21.65,19.56,11.29,2.26,0.81,10.0433125
2023-04-07,3.78,64.63,38.65,13.06,0.0,25.83,22.47,12.97,3.03,0.83,9.997083333333334
2023-04-08,4.05,62.95,34.19,8.9,0.0,25.91,27.73,16.82,5.59,0.69,9.961604166666666
2023-04-09,3.87,72.73,36.56,13.85,0.0,25.26,27.73,16.92,4.21,0.57,9.864020833333331
2023-04-10,4.47,49.68,24.81,9.28,0.0,23.96,30.81,21.46,12.46,0.84,9.784291666666666
2023-04-11,4.31,65.65,41.59,23.56,0.0,25.08,27.28,18.18,10.0,0.87,9.643375
2023-04-12,5.4,51.19,25.78,8.11,0.0,25.14,29.53,21.11,11.13,1.52,9.5279375
2023-04-13,4.78,55.02,33.59,12.77,0.0,25.31,23.72,16.91,10.94,1.48,9.3924375
2023-04-14,4.38,49.87,30.99,15.06,0.0,24.44,25.86,16.57,6.32,1.07,9.2536875
2023-04-15,5.42,53.64,30.12,11.88,0.0,26.41,27.94,20.59,13.58,1.51,9.205416666666666
2023-04-16,4.63,80.53,40.68,14.29,0.0,27.11,23.15,16.41,8.95,1.32,9.1103125
2023-04-17,4.11,84.77,54.04,27.25,0.0,26.79,21.94,13.93,5.99,1.05,8.996916666666666
2023-04-18,3.99,77.17,57.21,35.72,0.0,26.76,20.37,12.68,4.88,1.2,8.939645833333334
2023-04-19,3.89,82.5,49.98,20.52,0.0,24.85,21.77,13.36,4.04,0.94,8.911270833333333
2023-04-20,4.36,65.84,34.08,12.46,0.0,27.02,27.99,18.6,7.78,0.63,8.897166666666667
2023-04-21,4.84,55.06,30.46,13.66,0.0,26.08,28.1,19.29,9.31,1.05,8.807708333333332
2023-04-22,3.35,66.65,42.27,22.9,0.3,18.92,24.85,17.13,10.14,0.54,8.703520833333334
2023-04-23,4.53,66.5,36.77,14.85,0.0,27.94,27.84,18.86,8.42,0.64,8.658479166666668
2023-04-24,4.66,53.33,32.11,18.59,0.0,27.5,27.73,19.98,9.83,0.75,8.583375
2023-04-25,5.01,46.07,25.97,11.84,0.0,27.46,32.94,23.18,12.71,0.72,8.505395833333333
2023-04-26,5.46,73.77,33.58,11.83,0.0,28.32,32.47,22.74,13.65,0.94,8.3935625
2023-04-27,4.88,80.54,45.7,23.34,0.0,25.34,31.01,20.9,11.03,0.89,8.282458333333333
2023-04-28,4.2,67.39,38.49,14.24,0.0,19.72,31.18,21.97,12.49,0.76,8.236875
2023-04-29,4.27,68.31,39.23,14.92,0.5,14.9,31.01,23.34,16.76,1.17,8.241395833333334
2023-04-30,3.94,79.5,45.29,27.27,2.2,19.26,27.3,21.36,15.17,0.81,8.610666666666667
2023-05-01,5.0,91.23,54.78,14.0,0.0,28.91,28.87,19.74,10.27,0.77,10.866354166666667
2023-05-02,4.89,93.27,55.76,11.74,0.0,25.97,29.11,19.23,10.0,0.94,10.8060625
2023-05-03,4.59,86.22,50.93,21.24,0.0,24.63,26.68,17.81,9.32,1.04,10.600708333333332
2023-05-04,4.23,78.15,42.28,19.09,0.0,23.54,28.17,19.36,8.69,0.64,10.373208333333332
2023-05-05,5.36,66.22,39.6,20.96,0.0,28.82,28.78,20.37,11.15,1.06,10.146625
2023-05-06,5.07,66.64,39.68,13.87,0.3,26.15,27.54,20.31,11.59,1.11,9.868958333333332
2023-05-07,4.11,84.95,55.17,27.61,1.4,21.35,26.87,19.6,13.71,0.78,9.652208333333332
2023-05-08,4.95,76.95,48.53,15.14,0.0,27.02,30.48,20.53,10.32,0.74,9.780770833333332
2023-05-09,5.46,84.88,42.51,14.97,0.0,27.4,33.01,23.41,11.67,0.91,9.696854166666666
2023-05-10,4.63,82.77,51.45,30.95,0.0,23.14,26.91,20.67,15.2,1.11,9.438145833333332
2023-05-11,4.4,83.77,61.08,36.0,0.0,22.23,24.17,18.58,14.09,1.44,9.225645833333331
2023-05-12,3.07,93.63,68.67,33.03,12.5,15.47,22.18,15.59,11.31,0.84,11.9170625
2023-05-13,3.76,94.87,64.86,28.77,0.1,24.36,19.55,13.5,7.99,0.73,22.072
2023-05-14,4.19,85.48,48.89,22.8,0.0,23.69,22.18,15.69,6.85,1.1,18.449479166666663
2023-05-15,5.35,73.62,34.32,12.36,0.0,28.0,25.75,18.55,8.81,1.38,16.628333333333334
2023-05-16,5.59,70.28,34.09,13.92,0.0,30.79,24.75,18.18,10.57,1.41,15.406458333333331
2023-05-17,4.19,79.04,53.35,27.98,0.0,24.08,22.07,16.3,9.79,0.97,14.522104166666669
2023-05-18,3.01,92.3,70.96,32.51,6.0,16.08,20.87,14.3,11.13,0.75,16.299604166666665
2023-05-19,2.93,93.78,80.37,37.58,21.3,17.82,20.24,12.42,8.83,0.53,25.19158333333333
2023-05-20,3.21,88.57,70.02,42.04,2.4,19.76,19.15,13.96,8.99,0.59,27.822791666666664
2023-05-21,3.49,93.98,67.3,41.55,0.0,21.25,19.73,14.7,8.74,0.78,26.52725
2023-05-22,1.87,95.03,84.74,58.92,25.5,9.07,18.1,14.02,12.01,0.57,27.68614583333333
2023-05-23,1.35,95.07,91.85,81.44,29.7,6.15,15.36,13.58,12.68,0.68,31.14
2023-05-24,2.51,95.75,83.81,57.82,2.8,14.56,18.83,14.48,11.53,0.38,30.173916666666667
2023-05-25,3.46,94.97,72.12,40.82,4.2,20.07,22.89,16.39,9.65,0.52,29.056270833333333
2023-05-26,4.23,95.37,75.91,52.32,0.3,25.03,22.51,17.34,13.67,0.96,28.698354166666665
2023-05-27,3.61,94.22,76.59,47.59,5.9,20.31,22.64,16.57,13.05,0.83,28.63545833333333
2023-05-28,3.24,95.57,78.35,44.6,2.3,18.79,22.35,15.39,10.93,0.53,29.8795625
2023-05-29,3.79,95.18,76.25,40.01,31.9,22.13,23.66,16.21,12.0,0.59,30.01052083333333
2023-05-30,3.16,95.87,80.61,37.47,6.7,18.11,23.33,15.63,11.5,0.4,30.346791666666665
2023-05-31,3.09,95.28,79.59,41.83,15.3,16.87,23.67,16.45,13.29,0.46,30.262916666666666
2023-06-01,3.13,95.77,83.89,55.5,18.0,18.08,22.61,15.3,10.93,0.57,30.8584375
2023-06-02,3.0,96.37,80.08,54.7,0.1,16.96,21.42,16.18,11.98,0.51,30.359604166666667
2023-06-03,3.35,94.55,77.1,58.24,0.0,19.45,21.33,17.01,12.61,0.53,29.060145833333333
2023-06-04,4.6,95.5,71.75,41.17,0.0,26.96,24.81,18.16,11.32,0.71,27.887604166666662
2023-06-05,4.28,95.58,71.6,45.12,0.0,23.66,25.92,19.41,13.28,0.68,26.817291666666662
2023-06-06,5.24,95.7,68.02,41.24,0.0,29.26,26.18,19.76,13.58,1.1,25.65125
2023-06-07,1.53,94.85,87.89,77.7,5.6,6.8,17.66,16.63,15.75,0.42,25.841229166666665
2023-06-08,3.18,95.5,83.57,63.49,3.9,16.56,24.12,19.0,16.34,0.74,27.90820833333333
2023-06-09,4.51,96.32,67.18,36.97,0.1,24.26,27.18,21.04,14.78,0.62,28.84083333333333
2023-06-10,5.53,84.0,55.09,32.83,0.0,30.24,29.18,22.58,15.96,0.63,26.87175
2023-06-11,5.33,87.58,60.35,31.98,0.3,28.64,29.5,22.36,15.46,0.65,25.202979166666665
2023-06-12,4.81,94.25,69.48,43.75,0.0,24.93,28.43,22.15,16.26,0.8,25.2721875
2023-06-13,4.1,94.92,70.1,37.33,1.1,20.72,27.32,20.57,15.84,0.64,23.5050625
2023-06-14,5.66,82.1,53.51,29.96,0.0,29.98,28.9,22.16,13.4,0.97,21.924541666666663
2023-06-15,5.63,82.47,50.34,25.51,0.4,29.96,31.42,23.87,15.01,0.62,19.802791666666668
2023-06-16,5.79,83.93,50.56,27.72,0.0,29.48,31.62,24.18,15.23,0.84,18.0903125
2023-06-17,6.15,76.05,44.29,24.06,0.0,30.05,32.16,24.57,15.71,1.07,16.855625
2023-06-18,3.07,72.14,53.76,31.0,0.5,11.95,29.42,21.56,16.21,0.61,16.100458333333332
2023-06-19,5.36,70.99,48.32,26.86,0.0,27.4,30.64,23.59,16.37,0.73,15.696125
2023-06-20,5.82,74.48,53.3,31.78,0.0,29.3,30.78,24.5,17.73,0.88,15.355104166666663
2023-06-21,3.91,95.32,73.2,40.89,13.1,18.43,29.91,21.56,16.87,0.69,15.274291666666665
2023-06-22,5.65,96.03,64.51,32.53,0.0,30.27,30.68,23.3,15.48,0.63,15.251104166666666
2023-06-23,5.84,87.58,58.2,35.28,0.0,30.69,29.08,23.64,16.82,0.9,15.159395833333331
2023-06-24,5.99,91.2,54.68,26.3,0.0,30.96,31.61,24.08,15.23,0.84,15.0098125
2023-06-25,6.16,85.68,50.01,21.82,0.0,30.7,35.38,26.32,16.53,0.7,14.862895833333331
2023-06-26,5.25,66.92,47.93,25.39,2.2,23.0,33.96,26.43,20.83,0.84,14.684375
2023-06-27,5.77,83.05,50.1,23.59,0.0,28.07,34.13,25.91,17.48,0.75,14.552666666666669
2023-06-28,5.86,74.0,50.39,29.12,0.0,28.53,33.41,25.56,16.86,0.84,14.4546875
2023-06-29,5.67,90.88,62.04,40.84,0.0,27.58,32.98,25.67,17.41,0.84,14.295020833333332
2023-06-30,4.87,93.45,71.81,46.08,0.0,22.68,30.34,24.17,19.79,1.1,14.121354166666668
2023-07-01,6.02,84.45,62.49,31.19,0.0,28.57,32.08,25.51,21.01,1.02,14.007854166666666
2023-07-02,5.27,94.33,61.21,31.71,0.0,24.9,32.41,25.36,18.61,0.84,13.862729166666666
2023-07-03,6.33,79.08,48.58,27.84,0.0,29.03,33.94,26.43,18.65,1.16,13.708645833333334
2023-07-04,6.01,93.02,54.49,22.77,0.0,29.37,35.42,26.95,17.52,0.7,13.543479166666666
2023-07-05,5.53,84.45,62.78,41.16,0.0,26.87,30.63,24.02,16.2,1.17,13.350625
2023-07-06,6.09,79.86,62.14,40.38,0.0,28.51,31.52,25.62,21.48,1.25,13.1965625
2023-07-07,5.72,92.53,58.49,29.01,0.0,28.09,32.58,25.7,19.21,0.78,13.04225
2023-07-08,6.11,91.82,55.62,28.61,0.0,28.77,33.96,27.08,18.98,0.97,12.903583333333332
2023-07-09,6.26,83.7,52.91,27.74,0.0,28.49,35.86,28.13,20.43,0.95,12.753645833333332
2023-07-10,6.01,81.4,54.62,28.15,0.0,26.32,38.4,28.22,19.64,0.85,12.594104166666668
2023-07-11,5.17,93.58,48.7,20.54,0.0,22.59,38.13,29.66,19.57,0.64,12.439416666666666
2023-07-12,6.53,71.44,36.13,6.77,0.0,28.59,43.03,31.45,21.51,0.78,12.281333333333334
2023-07-13,6.28,78.41,53.08,20.81,0.0,28.97,33.94,27.19,18.43,1.13,12.0636875
2023-07-14,5.91,84.48,62.49,33.74,0.0,26.37,34.49,27.43,22.35,1.02,11.8831875
2023-07-15,6.16,91.7,52.24,27.02,0.0,29.03,36.37,28.19,18.17,0.81,11.736833333333337
2023-07-16,5.89,80.52,51.85,26.9,0.0,26.45,33.31,26.83,19.35,1.16,11.5943125
2023-07-17,6.54,91.6,59.08,32.4,0.0,28.54,36.6,28.23,20.15,1.24,11.47425
2023-07-18,6.05,91.53,45.38,18.85,0.0,27.95,39.61,29.58,17.54,0.69,11.3564375
2023-07-19,5.2,57.68,33.51,14.6,0.7,22.99,39.74,31.48,22.67,0.58,11.221395833333332
2023-07-20,3.64,58.35,42.91,28.62,0.2,13.84,33.76,28.65,23.49,0.59,11.0661875
2023-07-21,5.74,65.89,34.63,13.11,0.0,26.28,35.61,27.43,18.89,0.88,10.957395833333337
2023-07-22,5.55,82.48,55.84,36.67,0.0,26.21,32.51,25.89,17.62,1.04,10.848770833333331
2023-07-23,5.34,86.35,61.38,32.28,0.0,23.78,35.47,27.3,20.38,0.84,10.77125
2023-07-24,4.75,78.16,38.14,9.14,0.0,19.27,37.3,28.97,22.49,0.7,10.698520833333331
2023-07-25,6.0,52.7,31.71,10.34,0.0,29.5,36.03,27.6,18.82,0.82,10.574291666666666
2023-07-26,5.6,79.3,55.39,41.95,0.0,27.44,31.17,24.86,16.36,1.16,10.4435625
2023-07-27,5.51,87.03,59.72,27.61,0.0,25.71,33.91,26.22,19.09,0.9,10.3720625
2023-07-28,5.93,82.02,48.91,20.16,0.0,27.92,34.64,26.85,17.8,0.98,10.362791666666666
2023-07-29,5.9,77.96,43.32,18.48,0.0,28.0,36.98,28.23,18.36,0.78,10.2695
2023-07-30,6.14,65.06,39.52,15.02,0.0,28.37,36.74,28.61,18.55,0.97,10.1551875
2023-07-31,5.89,76.94,52.28,30.78,0.0,27.91,35.43,27.48,18.31,0.88,10.046583333333333
2023-08-01,5.95,68.12,30.29,9.95,0.0,28.42,40.02,29.83,18.89,0.71,9.929291666666666
2023-08-02,5.65,44.24,24.62,12.22,0.0,28.15,38.73,30.33,19.67,0.65,9.767145833333332
2023-08-03,6.19,79.2,39.42,14.36,0.0,27.13,37.59,28.7,20.18,1.04,9.622895833333333
2023-08-04,5.78,88.37,52.85,12.49,0.0,26.87,32.09,25.32,19.27,1.16,9.522229166666667
2023-08-05,5.55,83.68,45.55,7.38,0.0,28.63,35.18,25.49,16.39,0.71,9.431083333333332
2023-08-06,6.25,70.34,40.67,14.0,0.0,28.18,35.68,26.29,15.51,1.23,9.331354166666667
2023-08-07,5.67,86.03,63.12,37.48,0.0,26.9,31.55,24.64,17.44,1.41,9.258395833333331
2023-08-08,5.82,77.33,54.94,29.59,0.0,24.94,33.75,26.51,20.97,1.36,9.266125
2023-08-09,5.22,80.64,53.64,25.83,0.0,23.8,36.69,27.64,18.34,0.78,9.22675
2023-08-10,5.93,75.58,37.57,7.69,0.0,24.53,42.72,31.42,21.67,0.86,9.197770833333331
2023-08-11,5.74,67.01,42.99,30.06,0.0,26.45,36.17,27.75,18.93,0.95,9.087479166666666
2023-08-12,5.66,85.3,58.88,31.04,0.0,26.02,35.05,26.79,18.71,1.06,9.0246875
2023-08-13,5.59,91.15,61.39,31.41,0.0,26.19,33.56,25.82,17.92,1.16,8.995333333333333
2023-08-14,5.65,93.33,61.24,25.38,0.0,26.35,35.08,26.33,18.86,1.01,8.9535
2023-08-15,5.14,85.93,58.76,32.9,0.0,23.47,34.89,26.35,18.12,0.96,8.920479166666667
2023-08-16,5.59,81.55,55.44,25.36,0.0,24.6,35.46,26.93,19.46,1.12,8.901229166666667
2023-08-17,5.3,84.67,52.73,24.52,0.0,25.71,35.58,27.41,18.2,0.76,8.874979166666668
2023-08-18,5.27,58.69,31.31,11.25,0.0,26.0,38.36,29.15,18.73,0.69,8.813395833333333
2023-08-19,5.51,71.62,33.5,10.2,0.0,25.86,38.95,28.98,18.27,0.81,8.707916666666668
2023-08-20,5.57,74.21,50.08,24.09,0.0,25.35,37.05,28.23,19.54,0.93,8.62875
2023-08-21,5.34,81.63,45.79,14.51,0.0,25.88,36.26,28.05,19.88,0.77,8.582979166666666
2023-08-22,5.22,59.84,39.87,17.52,0.0,25.35,35.79,27.28,18.08,0.82,8.490520833333333
2023-08-23,5.12,64.15,35.32,14.02,0.0,25.48,36.11,26.87,16.8,0.77,8.407729166666668
2023-08-24,5.14,49.32,31.01,11.55,0.0,25.59,38.03,28.01,18.76,0.72,8.323145833333333
2023-08-25,4.71,54.85,29.4,9.85,0.0,22.14,40.94,30.54,19.16,0.61,8.259020833333333
2023-08-26,3.94,70.82,37.19,13.12,0.3,13.85,36.99,28.4,21.49,0.79,8.1536875
2023-08-27,5.47,59.4,29.78,15.35,0.1,23.86,28.01,24.46,18.48,1.77,8.275020833333334
2023-08-28,4.89,48.35,28.34,14.63,0.0,25.36,31.13,22.78,14.25,0.97,8.538041666666667
2023-08-29,4.53,67.84,33.37,13.99,0.0,23.8,33.23,24.4,15.8,0.7,8.681645833333333
2023-08-30,3.34,85.83,59.13,35.15,1.7,16.73,28.35,20.97,15.77,0.65,8.550958333333334
2023-08-31,4.45,90.78,57.02,23.74,0.0,24.7,31.67,22.7,14.47,0.65,8.5006875
2023-09-01,4.43,79.38,49.15,23.62,0.0,20.72,30.58,23.65,16.48,1.09,8.519604166666667
2023-09-02,3.09,92.83,68.69,44.67,9.4,14.66,26.94,21.0,16.57,0.9,8.420291666666666
2023-09-03,1.26,95.3,87.42,70.65,15.1,3.46,24.48,19.52,14.96,0.77,22.48770833333333
2023-09-04,3.41,91.33,74.4,51.34,0.0,15.73,29.4,24.48,21.56,0.91,24.7399375
2023-09-05,3.74,94.88,70.89,36.31,0.0,18.51,30.53,24.35,19.11,0.71,22.3775625
2023-09-06,3.85,85.12,67.11,43.84,0.0,18.8,29.18,23.94,19.15,0.96,20.6173125
2023-09-07,3.93,93.37,69.52,43.04,0.0,20.49,29.3,22.73,16.85,0.91,19.145958333333333
2023-09-08,3.82,94.48,72.48,47.81,0.0,19.75,28.63,22.77,18.18,0.97,18.0378125
2023-09-09,3.76,91.58,64.65,36.81,0.0,19.18,29.62,22.78,17.72,0.81,17.029708333333335
2023-09-10,3.68,93.43,66.94,38.71,0.0,19.93,28.63,21.46,14.46,0.81,16.107166666666668
2023-09-11,3.74,93.82,64.76,35.88,0.0,19.56,29.84,22.52,15.67,0.81,15.403104166666669
2023-09-12,3.77,88.35,64.76,28.99,0.0,20.08,29.99,22.43,16.77,0.72,14.841625
2023-09-13,3.47,86.75,70.34,49.82,0.4,17.7,27.36,22.43,17.89,1.02,14.547645833333334
2023-09-14,3.07,92.48,71.13,42.24,0.1,14.37,27.88,22.79,19.89,0.86,14.432916666666666
2023-09-15,2.62,94.83,80.16,43.15,14.6,12.6,27.11,20.88,16.39,0.68,14.234104166666668
2023-09-16,2.78,96.08,82.14,60.18,0.1,15.47,25.94,20.57,15.0,0.69,14.489854166666667
2023-09-17,3.77,95.0,69.85,41.21,4.6,20.34,30.31,23.06,17.88,0.75,16.50583333333333
2023-09-18,3.45,94.32,62.5,36.17,0.0,19.94,27.64,21.18,15.02,0.7,17.749583333333334
2023-09-19,2.09,79.73,66.68,50.01,0.0,9.78,24.22,19.47,14.71,0.58,17.1254375
2023-09-20,3.44,84.62,57.18,26.97,0.0,20.13,28.21,21.21,14.06,0.67,16.4625625
2023-09-21,3.7,67.43,44.62,14.72,0.0,19.84,29.5,22.38,15.64,0.84,15.697625
2023-09-22,3.55,75.76,50.62,25.3,0.0,19.4,25.07,19.9,13.64,1.12,15.020145833333332
2023-09-23,3.25,81.48,53.63,27.01,0.0,21.64,26.2,18.28,10.22,0.62,14.377166666666668
2023-09-24,3.4,92.0,64.44,36.23,0.0,21.43,26.83,19.0,11.92,0.77,13.955833333333333
2023-09-25,3.63,86.55,60.33,18.54,0.0,21.31,28.08,19.58,11.1,0.92,13.5919375
2023-09-26,3.37,94.4,67.69,36.64,0.2,20.75,28.0,19.73,12.23,0.74,13.29375
2023-09-27,3.12,95.43,69.91,35.55,0.0,18.9,28.2,19.68,12.46,0.66,13.060229166666666
2023-09-28,3.41,93.08,65.86,32.32,0.0,20.38,29.6,21.04,12.67,0.74,12.848166666666666
2023-09-29,3.39,90.83,59.93,26.36,0.0,20.14,29.45,21.19,13.39,0.75,12.651270833333331
2023-09-30,3.35,90.02,54.17,22.23,0.0,20.38,30.79,21.25,12.01,0.67,12.446541666666668
2023-10-01,3.35,73.59,48.76,23.22,0.0,20.38,31.59,21.64,12.52,0.65,12.266145833333333
2023-10-02,3.41,75.34,52.08,26.28,0.0,20.16,30.4,21.21,12.41,0.79,12.097541666666666
2023-10-03,3.26,85.77,59.14,25.17,0.0,19.21,31.09,21.49,12.41,0.71,11.946041666666666
2023-10-04,3.04,87.5,64.36,37.3,0.0,17.78,28.26,21.12,15.64,0.75,11.816145833333332
2023-10-05,3.07,87.17,59.17,28.68,0.0,19.06,29.49,20.45,12.22,0.68,11.662458333333332
2023-10-06,3.2,80.98,53.38,18.61,0.0,18.82,31.16,21.11,12.17,0.74,11.5553125
2023-10-07,3.08,92.25,57.53,26.98,0.0,18.7,29.26,20.42,11.56,0.78,11.434333333333331
2023-10-08,2.83,93.27,68.13,32.93,0.0,18.12,28.29,19.48,11.64,0.66,11.3021875
2023-10-09,2.61,94.45,64.73,30.69,0.0,17.71,25.89,19.16,13.45,0.56,11.224729166666668
2023-10-10,2.75,87.03,65.29,36.65,0.0,18.39,25.97,19.1,12.95,0.71,11.126666666666669
2023-10-11,2.62,93.5,66.68,30.93,0.0,18.05,27.05,19.12,12.35,0.56,11.040895833333332
2023-10-12,2.61,88.47,57.65,22.61,0.0,18.13,28.31,18.72,9.9,0.57,10.928916666666666
2023-10-13,2.74,82.57,56.22,29.25,0.0,17.07,29.97,19.77,11.59,0.66,10.890625
2023-10-14,1.81,78.07,61.15,42.01,0.3,9.08,22.69,18.26,15.38,0.61,10.789833333333334
2023-10-15,2.33,80.82,56.2,29.9,0.0,15.47,26.27,19.34,11.63,0.59,10.741416666666666
2023-10-16,2.25,72.03,55.14,32.16,0.3,13.43,26.58,20.16,15.61,0.57,10.773895833333334
2023-10-17,2.12,82.77,55.88,30.19,0.0,12.04,28.98,20.24,11.95,0.52,10.675708333333333
2023-10-18,2.58,57.19,41.3,25.14,0.0,13.26,27.5,22.11,17.22,0.83,10.684520833333332
2023-10-19,2.31,83.0,53.31,33.28,2.2,9.27,25.41,19.99,14.18,1.12,10.513041666666666
2023-10-20,2.61,73.1,48.17,32.28,0.2,16.38,21.24,16.2,11.81,1.3,10.315625
2023-10-21,2.04,72.31,46.87,25.68,0.0,16.75,21.19,14.73,8.25,0.62,10.375125
2023-10-22,1.3,88.87,71.29,55.09,0.2,7.37,18.53,13.4,7.18,0.59,10.370541666666666
2023-10-23,1.56,91.23,65.92,44.17,1.7,9.24,22.24,16.93,11.88,0.52,10.438395833333333
2023-10-24,2.06,77.19,48.7,22.08,0.0,16.27,22.54,16.39,11.07,0.65,10.487104166666668
2023-10-25,2.27,71.36,49.02,23.0,0.0,11.84,25.75,18.72,13.83,0.85,10.485708333333331
2023-10-26,2.24,68.53,51.56,33.65,0.0,9.48,24.73,20.23,15.77,1.06,10.476854166666667
2023-10-27,1.74,69.4,48.74,21.53,0.0,9.44,22.7,17.2,13.48,0.59,10.4065625
2023-10-28,1.91,67.53,48.8,23.84,0.0,15.49,24.78,16.24,10.7,0.55,10.310645833333334
2023-10-29,1.71,80.79,53.41,25.88,0.0,14.04,22.37,14.9,7.9,0.54,10.233434782608697
2023-10-30,2.21,70.32,48.36,30.82,0.1,13.81,24.76,16.74,10.85,0.93,10.223875
2023-10-31,1.0,71.68,56.94,41.12,0.0,5.38,16.36,12.87,8.01,0.27,10.055625
2023-11-01,2.16,78.47,46.99,23.3,0.0,12.35,24.9,17.2,8.57,0.98,10.070583333333332
2023-11-02,3.72,62.24,46.97,28.9,0.0,13.39,25.08,18.88,13.37,2.64,10.128583333333331
2023-11-03,2.21,50.39,41.41,32.04,0.0,8.8,17.03,14.31,11.42,1.53,9.994833333333334
2023-11-04,2.29,60.61,47.53,24.74,0.0,13.36,22.59,17.45,12.52,1.19,9.959708333333332
2023-11-05,1.91,61.27,42.11,24.2,0.0,14.37,20.47,14.54,8.99,0.95,9.929666666666668
2023-11-06,1.55,69.59,49.27,28.17,0.0,13.17,18.14,11.91,6.57,0.75,9.819958333333334
2023-11-07,1.31,79.95,51.08,24.67,0.0,13.86,18.07,10.06,3.03,0.53,9.693270833333331
2023-11-08,1.13,73.73,51.75,32.55,0.0,10.58,16.65,10.29,3.15,0.44,9.612479166666668
2023-11-09,1.69,66.45,50.42,25.74,0.0,12.49,22.2,13.67,8.32,0.75,9.647104166666669
2023-11-10,1.53,76.73,54.98,25.77,0.0,12.96,21.23,13.19,7.67,0.67,9.660166666666669
2023-11-11,1.85,76.58,55.36,27.49,0.0,10.25,25.27,16.63,9.18,0.87,9.674395833333334
2023-11-12,1.88,74.77,55.03,34.54,0.0,11.87,24.32,16.83,9.75,0.99,9.715354166666666
2023-11-13,1.36,83.17,62.64,38.66,0.0,12.57,23.92,15.27,8.48,0.47,9.664895833333334
2023-11-14,1.37,77.55,46.28,16.7,0.0,12.22,27.65,16.03,8.34,0.43,9.651125
2023-11-15,1.39,70.78,50.48,25.18,0.0,12.03,24.64,15.08,7.57,0.53,9.6155
2023-11-16,1.34,72.51,47.88,21.41,0.0,11.06,25.24,14.97,7.39,0.49,9.5536875
2023-11-17,1.3,72.41,51.73,32.29,0.0,11.66,24.26,15.02,8.01,0.49,9.548770833333334
2023-11-18,1.19,83.35,67.37,43.62,0.0,11.23,22.0,13.47,7.02,0.49,9.49525
2023-11-19,1.18,93.15,66.09,34.46,0.0,11.43,22.55,13.0,6.12,0.48,9.430625
2023-11-20,1.14,77.14,51.65,25.3,0.0,10.24,24.46,14.4,6.62,0.4,9.45
2023-11-21,1.93,73.57,48.88,20.83,0.0,10.02,18.48,13.15,8.76,1.43,9.428
2023-11-22,1.64,54.09,42.63,27.81,0.0,11.35,16.72,11.4,6.91,1.19,9.282041666666666
2023-11-23,0.98,78.08,48.85,20.97,0.0,11.1,16.62,7.78,1.49,0.51,9.221104166666668
2023-11-24,1.05,61.28,37.55,13.57,0.0,10.87,19.77,9.7,1.46,0.5,9.197958333333334
2023-11-25,1.41,67.44,41.5,17.95,0.0,10.61,21.43,11.62,4.61,0.75,9.214395833333333
2023-11-26,0.88,73.43,60.53,38.56,0.0,10.1,17.26,8.97,1.42,0.44,9.163875
2023-11-27,1.21,65.77,41.63,16.99,0.0,10.27,21.3,12.41,5.62,0.61,9.196604166666669
2023-11-28,1.02,71.4,53.59,38.0,0.0,5.87,17.97,12.86,9.04,0.52,9.237125
2023-11-29,1.26,75.79,60.84,37.68,0.0,9.57,21.96,15.14,9.51,0.71,9.259229166666666
2023-11-30,1.45,77.05,57.2,32.5,0.0,7.3,24.06,17.99,13.03,0.79,9.342020833333336
2023-12-01,1.68,59.83,48.25,30.52,0.5,7.07,18.91,14.34,6.57,1.3,9.317770833333332
2023-12-02,1.26,70.53,51.22,28.81,0.0,10.33,15.07,8.85,4.27,1.02,9.1455
2023-12-03,0.74,82.92,56.49,33.57,0.0,10.24,13.68,6.59,-1.2,0.46,9.028479166666669
2023-12-04,0.76,77.68,56.97,41.21,0.0,3.33,12.1,7.28,3.38,0.42,9.0163125
2023-12-05,0.79,83.95,65.25,42.53,0.0,7.78,13.23,8.09,2.31,0.55,8.990375
2023-12-06,0.66,94.47,83.21,67.39,0.5,5.61,13.0,9.57,7.63,0.41,9.024916666666668
2023-12-07,0.8,96.42,76.29,46.61,0.0,9.0,17.13,11.57,6.29,0.47,9.092708333333333
2023-12-08,1.57,70.72,52.46,30.89,0.0,6.65,16.49,12.28,5.56,1.43,9.206
2023-12-09,1.14,81.92,63.1,37.4,0.0,8.77,20.11,10.68,3.63,0.76,9.179395833333333
2023-12-10,0.78,86.4,68.34,41.67,0.0,9.25,20.16,12.07,6.64,0.35,9.263791666666668
2023-12-11,0.81,95.97,62.67,26.51,0.0,9.39,22.71,11.94,3.79,0.34,9.269229166666667
2023-12-12,1.76,40.58,24.79,14.03,0.0,7.72,25.69,18.22,12.72,0.93,9.416854166666669
2023-12-13,1.26,82.54,57.03,35.33,0.3,3.13,15.54,12.68,6.85,1.09,9.302208333333336
2023-12-14,1.34,70.33,46.42,27.9,0.0,9.5,14.54,9.53,3.95,1.27,9.098041666666669
2023-12-15,0.75,80.6,53.9,27.82,0.0,9.33,15.16,6.95,0.06,0.48,9.0378125
2023-12-16,0.76,70.78,53.66,30.71,0.0,9.35,15.15,6.37,1.3,0.48,9.012541666666667
2023-12-17,0.66,81.93,63.01,33.48,0.0,9.18,13.26,4.73,-1.31,0.43,8.9568125
2023-12-18,0.62,86.75,60.31,31.39,0.0,9.27,13.64,4.36,-2.29,0.37,8.921458333333334
2023-12-19,0.77,65.23,37.88,13.71,0.0,9.44,16.49,6.39,-2.23,0.45,8.910020833333332
2023-12-20,1.62,53.75,41.27,28.6,0.0,8.04,17.45,9.62,2.74,1.3,8.967041666666667
2023-12-21,0.71,74.84,54.83,31.61,0.0,9.1,15.67,7.25,0.97,0.42,8.93125
2023-12-22,0.88,77.99,55.83,27.76,0.0,9.29,17.29,8.43,2.15,0.56,8.943729166666666
2023-12-23,0.78,77.56,55.34,28.68,0.0,9.21,16.84,8.15,1.58,0.46,8.936583333333333
2023-12-24,0.72,72.11,52.81,28.46,0.0,9.21,16.49,7.49,1.12,0.4,8.904645833333333
2023-12-25,0.72,67.83,48.15,24.23,0.0,9.33,16.12,7.02,0.21,0.41,8.895604166666667
2023-12-26,0.7,66.39,49.03,25.68,0.0,8.97,15.25,6.02,-0.84,0.39,8.850520833333333
2023-12-27,0.78,65.09,48.14,23.7,0.0,9.41,14.64,5.74,-1.37,0.5,8.832916666666668
2023-12-28,0.81,67.15,45.06,23.25,0.0,7.3,15.2,7.46,0.89,0.45,8.839291666666666
2023-12-29,0.83,50.49,36.88,22.77,0.0,3.86,15.25,9.72,4.73,0.32,8.878416666666666
2023-12-30,0.88,59.27,39.34,19.58,0.0,9.15,17.01,9.24,2.6,0.51,8.903812499999999
2023-12-31,1.09,69.43,46.57,25.67,0.0,8.25,16.99,9.36,4.36,0.7,8.880416666666667
2024-01-01,0.92,72.93,57.15,30.17,0.0,7.81,15.68,8.66,3.5,0.57,8.882270833333333
2024-01-02,0.87,61.97,41.62,19.56,0.0,8.94,17.2,8.52,1.83,0.47,8.8233125
2024-01-03,1.24,67.33,46.62,22.0,0.0,9.65,22.17,14.28,6.65,0.71,8.947750000000001
2024-01-04,0.71,95.42,81.87,66.04,1.6,4.54,14.94,10.84,6.12,0.49,8.916645833333334
2024-01-05,1.18,95.15,61.77,42.66,0.3,7.41,13.02,9.48,5.79,1.46,8.923229166666667
2024-01-06,1.63,56.93,44.14,30.27,0.0,10.18,12.19,8.37,5.31,1.7,8.867458333333333
2024-01-07,1.51,58.93,43.0,24.1,0.0,9.78,12.99,7.79,3.74,1.37,8.87325
2024-01-08,0.97,64.99,45.39,21.98,0.0,10.09,13.26,6.37,0.84,0.68,8.851374999999999
2024-01-09,0.87,93.57,62.15,34.06,6.7,8.25,13.46,8.43,4.02,0.59,8.895229166666667
2024-01-10,0.72,96.82,78.02,48.08,2.5,7.42,13.6,9.09,6.1,0.36,9.395895833333332
2024-01-11,0.83,87.8,70.36,56.45,0.1,6.86,11.81,8.72,5.08,0.72,10.238541666666666
2024-01-12,0.89,88.07,77.42,52.4,0.0,6.85,12.32,7.64,3.94,0.82,10.789291666666664
2024-01-13,0.66,97.02,80.73,55.78,0.0,7.52,12.79,6.57,1.43,0.3,11.018395833333336
2024-01-14,1.79,76.61,31.31,10.96,0.0,7.75,23.8,16.01,7.29,0.95,11.567770833333334
2024-01-15,2.07,67.76,41.57,23.06,0.0,3.72,20.24,16.18,13.19,1.4,11.920104166666668
2024-01-16,1.61,81.53,45.07,15.29,0.2,7.92,21.92,16.82,9.71,0.92,12.04675
2024-01-17,2.55,65.64,43.16,29.48,0.1,10.21,20.08,16.43,11.4,2.29,12.0342
2024-01-18,1.4,61.49,47.17,33.19,0.0,8.17,20.66,15.78,12.87,0.72,12.07925
2024-01-22,1.05,87.77,56.2,22.06,0.0,11.45,18.47,8.35,0.61,0.46,11.457772727272728
2024-01-23,1.1,77.72,58.05,34.58,0.0,11.36,21.25,11.44,4.86,0.4,11.330625
2024-01-24,1.26,88.1,60.14,31.84,0.0,12.04,22.59,12.58,4.93,0.49,11.301020833333332
2024-01-25,1.34,58.65,40.45,18.01,0.0,12.0,24.66,14.06,5.74,0.49,11.269354166666666
2024-01-26,1.45,62.56,43.71,20.61,0.0,11.66,24.28,14.16,6.64,0.56,11.238958333333334
2024-01-27,1.43,75.46,53.64,28.11,0.0,11.97,21.32,11.74,4.64,0.64,11.106895833333333
2024-01-28,1.24,94.82,64.64,33.48,0.0,12.15,19.16,10.23,2.64,0.55,10.947458333333332
2024-01-29,0.67,96.5,82.91,69.6,0.0,2.6,11.7,9.09,4.57,0.39,10.823425531914896
2024-01-30,0.95,82.77,70.47,53.66,0.0,7.03,14.06,10.69,8.04,0.41,10.820145833333331
2024-01-31,0.94,88.67,73.37,52.89,0.0,6.88,14.01,9.76,3.8,0.47,10.746833333333331
2024-02-01,1.21,97.27,64.38,20.01,0.0,13.43,17.34,8.14,2.16,0.46,10.57
2024-02-02,1.48,81.04,50.76,27.85,0.0,13.21,16.76,8.86,2.81,0.79,10.5934375
2024-02-03,1.28,85.15,67.48,39.63,0.0,13.51,16.72,7.83,1.22,0.57,10.495729166666669
2024-02-04,1.4,80.81,50.31,18.44,0.0,14.15,19.54,9.07,1.54,0.51,10.468229166666667
2024-02-05,1.4,59.35,38.79,16.6,0.0,12.86,19.92,10.2,1.37,0.5,10.448729166666666
2024-02-06,1.72,51.88,34.67,13.82,0.0,10.89,20.84,12.82,6.63,0.69,10.482958333333334
2024-02-07,2.17,56.01,39.02,22.9,0.0,13.94,20.22,13.8,8.81,1.12,10.499791666666669
2024-02-08,2.08,71.04,44.06,12.92,0.0,10.08,18.84,13.71,7.9,1.15,10.422291666666666
2024-02-09,1.5,79.58,55.8,40.6,1.5,3.65,16.52,13.71,11.53,1.15,10.335395833333331
2024-02-10,2.16,64.54,47.32,35.23,0.0,13.92,14.45,11.56,7.99,1.72,10.1829375
2024-02-11,1.21,81.18,52.41,32.44,0.2,5.0,12.3,8.76,4.77,0.76,10.094416666666666
2024-02-12,2.23,96.3,63.26,30.04,3.4,15.26,21.17,13.77,5.4,1.24,10.206604166666668
2024-02-13,1.82,77.07,57.48,29.98,0.0,14.55,22.76,14.44,8.3,0.56,10.515916666666667
2024-02-14,1.67,81.11,65.25,38.53,0.0,10.16,21.45,13.52,8.77,0.67,10.710270833333333
2024-02-15,1.53,83.37,61.2,30.97,0.1,8.81,19.52,13.27,7.41,0.6,10.7593125
2024-02-16,2.32,65.37,49.0,31.6,0.1,12.38,18.22,13.86,9.96,1.42,10.81125
2024-02-17,2.14,73.37,48.9,28.67,0.0,16.29,17.33,11.47,6.74,1.08,10.770354166666666
2024-02-18,1.86,82.27,53.65,23.7,0.0,16.25,21.11,12.0,3.48,0.54,10.745895833333334
2024-02-19,2.19,76.31,52.53,28.75,0.0,15.47,20.69,12.55,5.48,0.93,10.741895833333333
2024-02-20,2.33,81.24,47.6,12.72,0.0,17.13,23.39,13.47,5.46,0.77,10.701458333333331
2024-02-21,2.19,57.91,37.94,14.64,0.0,17.03,23.72,13.85,4.24,0.64,10.655979166666668
2024-02-22,2.74,48.61,30.95,13.83,0.0,12.86,24.27,17.43,11.69,1.07,10.671083333333334
2024-02-23,2.85,64.56,37.01,20.04,0.1,16.31,16.1,12.4,7.24,1.93,10.528708333333332
2024-02-24,2.42,77.27,52.1,27.85,0.9,16.89,13.51,8.45,4.02,1.83,10.187916666666666
2024-02-25,2.45,61.93,46.65,30.39,0.0,13.22,19.44,13.12,4.87,1.33,10.198270833333334
2024-02-26,2.47,53.07,45.63,33.04,0.0,7.98,14.6,12.41,8.55,2.02,10.2225
2024-02-27,3.37,44.86,38.12,30.97,0.0,14.54,13.33,9.97,7.39,3.31,10.037541666666668
2024-02-28,3.07,47.02,34.41,25.35,0.0,18.65,15.73,10.51,5.43,2.01,10.023
2024-02-29,3.15,70.67,40.0,14.61,0.0,19.09,20.18,12.47,3.3,1.58,10.0545625
2024-03-01,3.18,39.37,25.19,13.88,0.0,19.22,18.2,11.35,6.17,1.54,10.080604166666667
2024-03-02,2.61,74.5,45.29,26.51,0.7,17.4,17.2,10.74,3.89,1.38,9.956041666666666
2024-03-03,2.62,70.73,47.55,28.54,0.1,16.47,12.62,8.45,5.16,2.07,9.789875
2024-03-04,2.0,73.59,52.41,31.73,0.0,9.46,17.86,10.81,3.09,1.04,9.758604166666666
2024-03-05,2.51,81.81,50.25,23.07,0.0,19.26,18.52,10.94,4.09,0.88,9.878895833333331
2024-03-06,2.47,75.79,52.89,28.26,0.0,19.72,19.09,10.34,2.14,0.79,9.875291666666667
2024-03-07,2.28,83.52,63.37,34.71,0.0,14.73,18.23,10.61,3.77,0.99,9.8184375
2024-03-08,2.81,56.56,42.29,25.85,0.0,20.12,16.61,11.45,6.76,1.17,9.773625
2024-03-09,1.38,92.48,65.71,50.58,6.3,5.96,13.47,8.78,6.26,1.07,9.6145625
2024-03-10,2.64,57.73,46.39,34.15,0.0,15.57,16.21,11.43,7.1,1.38,9.701041666666669
2024-03-11,3.02,63.75,44.5,27.44,0.0,19.64,16.98,11.99,7.19,1.46,10.129625
2024-03-12,2.75,79.98,49.69,22.35,0.0,21.14,19.96,11.46,3.61,0.77,10.514416666666667
2024-03-13,2.68,80.0,53.54,26.74,0.0,20.12,19.34,11.09,2.55,0.82,10.755104166666667
2024-03-14,2.89,75.79,47.33,21.22,0.0,19.21,23.89,14.43,5.18,0.72,10.9455625
2024-03-15,3.15,83.88,52.06,24.71,0.0,21.53,23.38,15.25,6.27,0.83,11.110208333333333
2024-03-16,3.09,74.62,48.6,24.6,0.0,19.6,24.44,16.4,8.37,0.77,11.138125
2024-03-17,3.23,73.07,43.23,19.87,0.0,18.43,25.92,17.35,8.45,0.87,11.080458333333333
2024-03-18,3.53,62.17,36.55,12.91,0.0,20.48,29.42,19.21,10.07,0.76,11.033104166666668
2024-03-19,2.89,51.81,34.15,15.91,0.0,12.26,27.71,19.59,11.58,0.76,10.942458333333336
2024-03-20,2.61,59.66,44.22,26.96,0.0,12.24,22.78,16.51,9.92,0.84,10.783458333333334
2024-03-21,2.62,77.41,57.64,42.45,0.0,13.4,20.2,15.67,11.55,1.17,10.636354166666669
2024-03-22,3.24,69.89,39.33,14.7,0.0,19.13,25.09,16.33,8.98,0.77,10.574520833333333
2024-03-23,2.36,66.08,41.11,23.65,0.0,11.44,22.69,15.59,10.37,0.62,10.454520833333332
2024-03-24,1.7,79.11,57.64,38.23,0.0,6.66,17.16,13.1,9.61,0.74,10.245145833333334
2024-03-25,1.52,94.05,74.81,55.17,1.8,7.08,16.4,13.31,10.78,0.71,10.096458333333333
2024-03-26,2.22,73.74,56.14,37.45,1.0,12.22,13.53,10.07,7.17,1.2,9.9706875
2024-03-27,3.98,65.64,42.77,27.47,0.0,22.76,19.6,14.13,7.82,1.95,10.0316875
2024-03-28,4.03,58.22,45.93,30.25,0.0,19.6,22.43,17.5,14.18,1.66,10.2640625
2024-03-29,3.27,62.42,45.78,28.52,1.1,16.87,21.97,14.96,6.95,1.21,10.1835
2024-03-30,2.7,66.03,51.55,29.99,0.0,15.24,17.09,11.54,6.53,1.07,9.971270833333334
2024-03-31,1.9,90.1,63.85,51.48,4.8,10.67,14.31,10.39,8.17,1.06,9.882604166666669
2024-04-01,3.17,71.88,47.59,23.01,0.0,20.14,18.24,12.36,6.39,1.04,10.187416666666666
2024-04-02,2.95,76.7,46.39,23.78,0.0,19.17,20.42,13.52,5.26,0.67,10.655291666666669
2024-04-03,3.85,73.79,47.81,23.01,0.0,25.05,24.99,15.79,7.05,0.76,11.122458333333334
2024-04-04,4.05,75.95,47.15,20.21,0.0,24.01,26.18,17.03,8.74,0.91,11.431875
2024-04-05,4.44,68.02,38.54,12.52,0.0,23.35,30.7,17.94,7.16,0.95,11.45475
2024-04-06,3.42,55.54,42.15,29.32,0.0,16.43,24.73,17.56,9.66,1.03,11.347833333333334
2024-04-07,3.11,54.0,41.84,27.12,0.0,12.89,26.66,20.06,15.21,0.8,11.268604166666668
2024-04-08,4.43,65.67,41.99,13.93,0.0,19.85,28.04,19.75,14.15,1.24,11.188979166666668
2024-04-09,4.76,53.23,30.75,10.99,0.0,26.77,20.89,14.6,8.75,1.75,11.006666666666668
2024-04-10,4.23,54.24,30.29,12.2,0.0,26.05,24.0,15.35,4.53,1.02,10.843958333333331
2024-04-11,4.4,66.49,40.29,18.39,0.0,26.19,23.5,16.71,9.95,1.13,10.779125
2024-04-12,4.14,69.8,42.57,18.85,0.0,26.05,24.28,15.3,5.82,0.9,10.637770833333333
2024-04-13,4.52,66.91,36.25,12.29,0.0,26.54,27.52,16.93,7.11,0.92,10.550333333333333
2024-04-14,4.42,59.92,33.88,13.82,0.0,26.78,25.94,17.54,7.19,0.89,10.432458333333331
2024-04-15,4.51,55.84,33.09,14.41,0.0,23.09,29.59,20.28,10.16,0.95,10.3630625
2024-04-16,5.34,68.72,39.09,13.6,0.0,26.33,31.23,21.47,12.52,1.21,10.3140625
2024-04-17,4.36,92.15,56.78,36.7,0.0,26.18,23.05,17.08,10.54,1.33,10.179166666666667
2024-04-18,4.28,89.62,62.21,25.52,0.0,24.01,25.59,16.49,9.68,1.09,10.036479166666666
2024-04-19,1.73,84.78,68.91,52.68,0.0,6.49,15.92,12.93,8.49,1.1,9.743666666666668
2024-04-20,3.5,91.47,58.44,26.41,0.0,21.12,20.75,13.15,6.13,1.0,9.678145833333334
2024-04-21,4.18,83.13,54.96,27.87,0.0,27.75,21.74,13.4,3.59,1.03,9.7126875
2024-04-22,3.66,88.45,70.1,37.57,0.1,22.79,20.84,13.11,6.65,1.15,9.683916666666669
2024-04-23,4.37,94.22,49.78,15.03,0.0,28.2,19.15,12.69,7.04,1.44,9.661479166666668
2024-04-24,4.54,65.69,36.27,9.1,0.0,29.02,22.62,13.89,4.38,1.03,9.618604166666666
2024-04-25,3.9,74.25,43.19,16.08,0.0,22.32,22.55,15.04,5.68,0.96,9.5473125
2024-04-26,4.28,79.34,43.67,8.72,0.0,22.97,25.47,16.74,9.08,0.96,9.492854166666666
2024-04-27,4.37,81.02,43.38,26.48,0.0,25.65,22.49,16.37,10.67,1.13,9.426333333333334
2024-04-28,2.16,94.45,62.0,41.3,4.3,11.32,16.03,11.83,8.31,0.85,9.2088125
2024-04-29,1.76,95.38,81.85,52.12,4.9,8.97,15.47,11.46,9.29,0.67,9.088895833333334
2024-04-30,2.92,95.88,58.38,24.23,2.9,14.6,21.03,14.21,8.56,0.88,10.088916666666668
2024-05-01,3.99,71.48,51.5,24.49,0.6,21.63,17.51,13.25,9.31,1.79,11.97225
2024-05-02,4.51,65.66,33.27,13.23,0.0,29.1,21.22,13.78,5.25,1.01,12.833229166666667
2024-05-03,4.6,68.05,36.54,14.09,0.0,29.42,24.58,15.6,5.55,0.76,13.357520833333332
2024-05-04,5.06,57.57,33.49,14.77,0.0,29.31,28.61,18.79,7.84,0.83,13.543104166666666
2024-05-05,5.46,44.08,25.17,11.79,0.0,27.54,30.48,21.95,11.72,1.08,13.4559375
2024-05-06,2.9,73.3,50.95,34.31,6.5,12.69,24.43,19.1,13.49,0.72,13.177625
2024-05-07,4.76,83.68,55.01,31.69,0.0,28.69,24.75,17.19,9.01,0.93,12.884541666666664
2024-05-08,4.69,79.38,52.77,26.13,0.0,27.59,24.32,16.74,9.07,0.99,12.6288125
2024-05-09,4.71,81.4,45.85,21.41,0.0,27.1,25.36,17.48,8.09,0.95,12.3781875
2024-05-10,5.2,70.19,42.6,22.04,0.0,28.98,25.67,17.61,8.8,1.23,12.180729166666666
2024-05-11,5.09,64.56,43.29,23.23,0.0,27.55,25.41,18.22,11.76,1.19,11.999416666666669
2024-05-12,5.31,70.53,43.67,24.09,0.0,28.77,27.63,19.39,9.75,1.12,11.818583333333336
2024-05-13,4.65,74.59,48.49,26.84,0.0,23.72,27.82,20.78,12.4,0.93,11.660333333333334
2024-05-14,5.86,71.01,33.19,10.77,0.0,28.81,28.21,21.37,14.19,1.4,11.501391304347823
2024-05-15,5.47,54.25,30.85,16.01,0.0,30.53,24.6,17.94,9.92,1.3,11.2725625
2024-05-16,5.38,56.28,29.38,13.85,0.0,30.54,25.1,17.91,8.24,1.18,11.084166666666668
2024-05-17,5.5,50.87,34.15,12.51,0.0,30.36,28.97,19.99,11.37,0.92,10.938020833333333
2024-05-18,5.47,61.04,34.08,18.84,0.0,29.63,26.96,19.62,10.66,1.14,10.788520833333337
2024-05-19,4.4,74.17,51.7,30.16,0.0,23.7,24.51,17.31,9.17,1.06,10.575645833333333
2024-05-20,4.26,64.84,42.24,18.28,0.3,22.37,25.21,17.84,11.12,0.83,10.397583333333332
2024-05-21,4.88,64.96,33.97,15.92,0.0,26.19,26.93,19.29,10.22,0.9,10.299895833333332
2024-05-22,5.4,54.34,32.97,13.79,0.0,30.49,27.58,20.02,12.08,0.86,10.318375
2024-05-23,3.96,58.17,40.25,24.76,0.2,18.24,24.71,18.1,10.7,1.0,10.169479166666669
2024-05-24,5.66,68.5,42.86,18.34,0.0,30.17,27.84,19.05,9.73,1.21,10.1121875
2024-05-25,5.79,84.15,50.35,25.33,0.0,30.33,30.17,21.32,10.8,1.1,10.086354166666666
2024-05-26,5.44,76.06,50.17,23.82,1.3,25.46,32.0,22.68,13.87,1.07,10.049979166666668
2024-05-27,5.66,78.26,55.54,25.05,0.0,26.57,31.35,22.72,14.97,1.19,9.973770833333331
2024-05-28,5.75,87.02,59.56,33.72,0.0,29.64,28.18,21.28,15.74,1.35,9.884083333333333
2024-05-29,6.08,86.87,47.08,19.66,0.0,30.07,31.64,22.77,12.59,1.18,9.779270833333332
2024-05-30,6.26,60.91,31.49,13.69,0.0,29.78,34.86,25.12,13.9,1.03,9.7054375
2024-05-31,5.57,73.14,50.54,33.95,0.0,27.84,26.03,20.3,14.33,1.7,9.547083333333331
2024-06-01,3.65,81.1,62.86,40.06,0.1,15.65,23.36,18.28,15.71,1.44,9.351020833333331
2024-06-02,5.29,86.78,54.11,33.38,0.0,29.07,24.62,19.09,12.52,1.4,9.331541666666666
2024-06-03,5.33,71.22,46.01,28.81,0.0,28.09,25.73,19.75,11.74,1.3,9.272958333333332
2024-06-04,5.71,79.62,39.88,19.21,0.1,29.21,29.4,22.01,12.66,1.09,9.248395833333332
2024-06-05,6.3,58.51,32.2,14.54,0.0,30.52,32.96,23.97,13.37,1.13,9.2006875
2024-06-06,5.19,52.87,28.38,14.64,0.0,21.74,32.07,23.8,14.13,1.09,9.055145833333333
2024-06-07,5.61,49.61,32.03,24.25,0.1,24.06,31.15,24.9,18.66,1.23,8.983291666666666
2024-06-08,4.39,84.55,55.13,23.04,1.2,19.87,31.21,21.32,16.08,0.77,8.844333333333333
2024-06-09,5.81,66.13,39.41,24.8,0.0,29.21,28.27,23.09,15.11,1.21,8.839354166666666
2024-06-10,5.17,91.95,57.44,26.02,1.0,25.29,29.36,21.0,15.77,1.06,8.892312500000001
2024-06-11,3.02,95.42,82.02,54.92,4.9,15.5,23.14,17.81,14.42,0.75,8.7963125
2024-06-12,3.28,95.5,83.91,58.8,5.7,17.96,22.21,17.22,14.32,0.83,9.072854166666668
2024-06-13,5.46,96.87,72.11,44.44,0.0,30.91,26.87,19.54,12.06,1.14,9.63075
2024-06-14,6.07,93.48,50.17,18.77,0.0,29.57,32.07,23.16,13.59,1.14,10.3659375
2024-06-15,5.7,76.48,40.56,20.32,0.0,25.77,33.03,25.12,17.78,1.03,10.905770833333332
2024-06-16,5.88,77.04,49.57,25.65,0.0,29.25,31.04,23.58,15.13,1.03,11.019729166666666
2024-06-17,6.22,82.97,51.87,29.69,0.0,30.75,30.65,23.52,14.46,1.32,10.968229166666667
2024-06-18,6.17,81.9,52.04,30.62,0.0,30.39,31.08,23.68,15.31,1.24,10.853333333333332
2024-06-19,4.05,74.96,47.81,29.64,0.0,16.92,26.83,21.84,16.69,1.11,10.6313125
2024-06-20,6.11,62.69,35.88,19.31,0.0,31.15,27.64,21.71,14.15,1.36,10.4473125
2024-06-21,6.08,62.18,36.73,18.9,0.0,31.32,30.7,22.53,13.17,1.04,10.275479166666669
2024-06-22,5.94,60.35,33.75,16.84,0.0,29.46,33.26,25.12,15.13,0.87,10.096395833333334
2024-06-23,6.51,62.38,44.67,27.37,0.0,30.48,31.12,24.46,18.15,1.41,9.927770833333334
2024-06-24,6.17,73.77,52.92,36.33,0.0,29.73,28.99,22.86,16.2,1.6,9.706645833333331
2024-06-25,6.45,84.23,53.31,25.82,0.0,29.7,31.63,23.7,16.37,1.56,9.560125
2024-06-26,5.29,78.45,45.22,24.87,0.0,25.96,30.09,22.89,15.24,0.94,9.411125
2024-06-27,5.53,76.49,48.08,30.49,0.0,26.01,29.96,23.56,16.86,1.21,9.2878125
2024-06-28,3.79,88.32,67.73,42.53,0.7,15.45,29.25,22.9,19.07,1.09,9.177145833333332
2024-06-29,6.18,91.75,50.99,26.36,0.0,31.52,30.0,22.92,14.18,1.26,9.134416666666668
2024-06-30,6.27,71.05,46.91,22.58,0.0,29.01,32.8,24.55,16.26,1.24,9.0840625
