date,temp_max,temp_min,temp_avg,humidity_max,humidity_min,humidity_avg,windspeed_avg,solar_radiation_avg,precip,ETo,humedad_sonda
2022-05-27,27.3,6.0,17.3,84.5,23.4,47.9,1.7,29.5,0.0,5.8,30.91242787286064
2022-05-28,29.8,8.8,20.3,70.1,15.4,39.8,2.1,27.9,0.0,6.7,30.118541666666665
2022-05-29,27.7,8.1,19.4,72.7,11.9,38.1,3.0,29.2,0.0,7.3,29.76601527777777
2022-05-30,26.3,9.3,17.4,93.2,16.8,51.1,3.3,29.1,0.0,6.9,29.501266666666663
2022-05-31,29.8,7.4,19.6,75.4,12.5,44.3,1.8,30.8,0.0,6.7,29.37389027777778
2022-06-01,30.3,9.0,20.5,81.6,15.9,45.8,2.4,30.0,0.0,7.3,29.26230555555556
2022-06-02,26.5,8.6,19.3,79.6,28.7,49.9,1.9,20.5,0.0,4.9,29.048391666666667
2022-06-03,28.9,7.9,19.3,81.0,15.9,48.6,1.9,31.0,0.2,6.6,28.965765277777777
2022-06-04,27.5,8.1,18.8,75.9,10.3,41.9,2.4,30.8,0.0,7.0,28.81598456260721
2022-06-05,27.8,7.5,19.0,74.6,10.5,39.1,1.6,28.0,0.0,6.0,29.02724255319149
2022-06-07,32.1,8.7,21.7,59.4,12.1,33.1,1.9,30.8,0.0,7.3,28.730447368421054
2022-06-08,30.3,9.6,21.8,64.3,18.2,39.2,2.6,28.3,0.0,7.3,28.44950445103857
2022-06-09,30.5,10.9,22.4,72.0,29.7,48.1,1.9,29.9,0.0,6.6,28.37715105740181
2022-06-10,30.2,13.4,22.3,82.8,25.1,48.6,2.4,30.4,0.0,7.1,28.27238255033557
2022-06-11,30.2,12.2,21.6,68.5,18.8,39.5,2.6,30.5,0.0,7.5,27.822265789473683
2022-06-12,32.1,13.2,23.2,41.6,8.8,24.2,2.4,29.9,0.0,8.1,27.5509173553719
2022-06-13,36.2,14.6,25.5,40.1,11.6,22.9,2.1,25.8,0.0,8.1,27.3673309352518
2022-06-14,36.9,13.7,27.0,47.7,7.2,23.8,2.3,23.1,0.2,8.1,27.20019277108433
2022-06-15,34.7,18.2,26.7,50.2,15.4,29.8,2.6,24.4,0.0,8.1,26.523845588235293
2022-06-16,34.5,15.6,25.7,59.9,18.4,34.6,2.4,27.6,0.0,7.9,26.292038793103448
2022-06-17,34.1,16.6,25.6,43.2,14.2,27.1,3.2,28.6,0.0,9.2,26.160281124497992
2022-06-18,33.8,15.9,25.6,46.0,14.9,27.6,3.2,28.9,0.0,9.1,25.87502403846154
2022-06-19,32.1,13.4,23.1,54.5,10.3,31.6,3.1,29.7,0.0,8.8,25.317768786127168
2022-06-20,31.5,11.4,23.2,61.5,14.6,34.3,2.9,25.6,0.0,7.7,25.089851211072663
2022-06-22,25.7,7.3,17.1,96.9,15.8,52.4,2.9,29.5,0.0,6.6,27.753110817941952
2022-06-23,26.3,7.5,17.8,81.7,21.4,45.9,2.5,30.4,0.0,6.5,27.29371497584541
2022-06-24,27.5,7.9,18.9,71.2,13.3,42.5,2.2,30.5,0.0,6.7,26.666365914786965
2022-06-25,28.9,9.2,20.4,68.9,11.1,37.9,1.9,30.5,0.0,6.7,26.006531413612567
2022-06-28,30.1,11.4,20.8,94.8,19.6,55.8,1.9,29.8,0.0,6.6,24.99695744680851
2022-06-29,31.3,12.0,22.1,70.0,21.3,44.1,1.9,29.3,0.0,6.9,24.31470833333333
2022-06-30,31.5,11.5,22.3,68.7,17.8,42.8,2.0,29.0,0.0,7.0,24.003666666666664
2022-07-01,29.1,12.4,21.2,87.9,32.7,52.1,3.0,29.3,0.0,6.8,23.74139583333333
2022-07-02,30.9,13.8,22.4,94.4,35.2,59.3,2.5,28.1,0.0,6.6,23.631875
2022-07-03,35.2,14.8,25.5,86.4,20.0,51.3,2.7,26.3,0.0,8.0,23.527416666666667
2022-07-04,35.7,14.8,25.7,91.6,13.9,48.1,2.2,27.4,0.0,7.8,23.25854166666667
2022-07-05,35.2,17.8,26.1,80.2,17.0,46.6,3.0,22.7,0.0,8.1,24.20104166666667
2022-07-06,32.8,16.4,24.1,96.4,6.4,55.8,2.9,29.8,0.0,8.5,26.83575
2022-07-07,29.8,13.6,22.3,96.2,34.1,63.8,2.1,26.2,0.0,5.9,26.467583333333334
2022-07-08,31.7,14.3,22.9,90.9,22.7,53.2,2.3,29.3,0.0,7.1,25.75539583333333
2022-07-09,31.7,14.6,23.5,68.6,19.9,43.4,2.2,29.5,0.0,7.3,24.8993125
2022-07-10,32.3,14.2,24.0,69.5,21.2,40.7,2.7,29.1,0.0,7.8,24.196541666666665
2022-07-11,32.0,13.6,23.8,56.5,15.5,34.2,2.7,29.0,0.0,8.0,23.539875
2022-07-12,32.6,12.6,23.8,61.6,13.9,33.3,2.6,29.1,0.0,8.0,23.0035625
2022-07-13,34.5,15.0,25.2,52.3,14.3,29.4,2.5,28.9,0.0,8.4,22.62751612903226
2022-07-14,35.7,15.0,26.0,38.9,11.8,24.9,2.1,28.3,0.0,8.1,22.288545454545456
2022-07-15,34.1,14.7,25.1,49.7,6.2,30.5,2.6,29.2,0.0,8.6,21.815270833333333
2022-07-16,33.6,14.9,24.8,55.1,11.4,31.8,2.6,29.1,0.0,8.3,21.478791666666663
2022-07-17,32.9,14.2,24.4,55.0,15.8,32.6,2.7,29.4,0.0,8.2,21.156854166666665
2022-07-18,34.5,14.2,25.1,53.5,14.0,32.4,2.7,28.7,0.0,8.5,20.87847916666667
2022-07-19,35.7,15.5,25.6,64.4,13.0,35.0,2.1,27.8,0.0,7.9,20.6686875
2022-07-20,34.3,14.1,24.8,63.4,10.7,38.7,2.4,28.8,0.0,8.1,20.337729166666666
2022-07-21,32.5,15.3,24.3,67.0,20.8,43.8,2.9,28.5,0.0,8.0,20.149354166666665
2022-07-22,34.9,14.9,25.4,74.4,14.9,42.3,2.2,24.1,0.0,7.3,20.275020833333333
2022-07-23,36.9,15.2,26.2,53.9,7.9,31.3,2.4,27.6,0.0,8.7,20.2875625
2022-07-24,37.5,14.1,27.1,52.5,6.9,29.4,2.3,28.4,0.0,8.7,19.796291666666665
2022-07-25,37.1,16.1,28.3,46.5,10.1,22.1,2.6,23.9,0.0,8.4,19.424916666666665
2022-07-26,35.2,14.6,26.2,72.0,6.7,23.7,2.6,28.5,0.0,8.5,19.01920833333333
2022-07-27,34.3,13.8,24.2,81.6,12.2,50.5,2.3,27.0,0.0,7.7,18.77464583333333
2022-07-28,34.3,14.6,24.9,82.7,10.7,42.8,2.2,28.5,0.0,7.7,18.6806875
2022-07-29,36.1,15.1,26.3,82.1,11.7,42.2,2.4,27.8,0.0,8.2,18.53170833333333
2022-07-30,32.7,17.7,24.1,95.9,30.2,68.7,2.6,18.9,0.0,6.0,18.595354166666667
2022-07-31,35.5,15.2,24.5,94.5,14.3,55.4,2.5,27.7,0.0,8.1,18.6834375
2022-08-01,33.6,15.3,24.2,87.9,24.1,58.8,2.1,25.2,7.8,6.7,20.204604166666662
2022-08-02,32.8,16.1,24.4,90.3,23.5,51.3,2.2,22.0,0.0,6.3,23.86164583333333
2022-08-03,35.2,15.5,24.9,62.0,14.1,37.9,2.5,24.8,0.0,8.0,23.816541666666662
2022-08-04,32.6,15.4,24.1,57.2,17.2,37.4,3.2,26.4,0.0,8.3,23.100104166666668
2022-08-05,33.9,14.2,24.4,65.7,13.9,38.4,2.8,28.6,0.0,8.3,22.092875000000003
2022-08-06,32.3,15.5,24.2,67.3,16.0,35.9,3.3,28.4,0.0,8.3,21.0678125
2022-08-07,33.5,13.8,24.0,66.4,10.3,37.4,2.2,28.7,0.0,7.6,20.2120625
2022-08-08,32.6,15.3,24.1,71.7,19.1,42.4,2.5,28.1,0.0,7.4,19.5163125
2022-08-09,31.7,15.4,24.0,71.8,15.7,40.3,3.6,23.2,0.0,7.9,19.0204375
2022-08-10,31.0,16.7,24.3,62.0,23.6,40.3,3.5,26.5,0.0,7.8,18.63147916666667
2022-08-11,32.7,16.2,24.5,63.7,19.0,35.9,3.4,27.2,0.0,8.3,18.297208333333334
2022-08-12,37.2,14.4,24.6,67.3,12.9,41.7,2.0,21.3,0.8,7.4,19.888145833333333
2022-08-13,33.1,16.8,23.4,91.5,24.1,55.4,2.8,18.1,8.4,6.5,25.3784375
2022-08-14,32.4,15.6,23.3,86.6,22.7,51.6,2.6,20.7,0.0,6.5,29.815479166666663
2022-08-15,30.7,11.6,21.5,73.6,12.0,40.3,2.3,28.3,0.0,7.0,30.082375
2022-08-16,29.8,11.0,21.0,66.8,9.4,38.0,2.1,28.1,0.0,6.6,29.4319375
2022-08-17,28.1,11.9,20.6,60.7,9.0,35.8,2.0,27.8,0.0,6.3,28.5075
2022-08-18,29.0,9.8,20.4,65.5,16.4,42.1,1.7,27.5,0.0,5.9,27.766041666666663
2022-08-19,30.9,12.2,21.4,63.4,16.6,42.3,2.2,27.5,0.0,6.8,27.063333333333333
2022-08-20,33.3,12.6,23.1,80.1,14.8,47.0,2.2,27.1,0.0,7.1,26.4704375
2022-08-21,34.1,12.2,24.0,76.3,11.8,38.0,2.4,26.8,0.0,7.5,25.698604166666662
2022-08-22,34.2,13.9,24.5,71.4,9.5,37.2,2.4,26.2,0.0,7.6,24.9158125
2022-08-23,31.6,16.2,23.8,73.3,26.0,49.0,2.3,25.9,0.0,6.5,24.25177083333333
2022-08-24,32.2,14.8,23.9,75.6,20.2,45.3,2.1,22.4,0.0,6.1,23.616520833333336
2022-08-25,32.1,14.8,23.5,76.9,13.6,47.9,2.1,25.5,0.0,6.6,23.083916666666667
2022-08-26,29.9,15.2,21.5,96.1,32.6,64.4,2.9,23.9,11.6,6.0,23.69741666666667
2022-08-27,28.0,12.9,20.3,98.3,36.9,70.9,2.1,25.4,0.2,5.2,33.078583333333334
2022-08-28,28.6,14.8,21.9,94.6,34.6,60.6,3.3,25.2,0.0,6.0,32.841145833333336
2022-08-29,28.9,16.2,22.2,82.6,28.9,54.2,2.1,10.3,0.4,4.1,31.70404166666667
2022-08-30,32.8,15.1,22.8,91.8,23.4,52.6,2.8,14.9,1.8,6.0,31.37377083333333
2022-08-31,29.2,15.3,22.1,96.8,33.5,63.7,2.9,20.1,0.2,5.4,32.46333333333333
2022-09-01,30.6,13.5,22.2,86.7,12.7,45.6,2.6,21.3,0.0,6.3,31.4753125
2022-09-02,29.4,14.4,22.1,62.9,19.5,36.4,3.3,20.6,0.0,6.7,30.83714583333333
2022-09-03,28.8,13.6,20.9,68.7,18.4,41.1,2.9,23.9,0.0,6.5,30.1811875
2022-09-04,30.4,9.8,20.6,74.5,15.0,41.4,1.6,25.1,0.0,5.5,29.55958333333333
2022-09-05,29.9,9.7,20.5,72.0,11.9,37.4,2.0,24.7,0.0,5.9,28.91745833333333
2022-09-06,30.5,8.3,20.6,67.8,5.8,36.2,2.0,25.1,0.0,6.1,28.3173125
2022-09-07,30.0,10.2,20.9,65.3,10.0,35.7,2.6,22.8,0.0,6.5,27.74716666666667
2022-09-08,30.2,8.9,20.7,68.4,15.2,36.4,2.1,24.5,0.0,5.9,27.28916666666667
2022-09-09,31.3,11.0,21.8,66.3,19.9,42.2,2.3,23.9,0.0,6.2,26.9418125
2022-09-10,32.8,13.0,22.7,70.0,10.6,45.8,2.2,24.0,0.0,6.6,26.6018125
2022-09-11,33.5,14.0,22.9,77.2,18.8,47.0,2.4,19.8,0.0,6.4,26.20264583333333
2022-09-12,32.8,16.1,22.3,79.0,19.1,48.5,2.7,14.8,1.2,6.3,27.26408333333333
2022-09-13,22.9,16.7,19.2,95.9,50.7,75.0,2.0,7.6,4.6,2.4,33.730354166666665
2022-09-14,24.3,12.6,18.2,88.4,37.4,62.1,2.7,15.3,0.2,4.0,34.65027083333333
2022-09-15,25.6,9.3,17.8,95.9,30.4,61.1,2.0,22.6,0.0,4.4,32.956520833333336
2022-09-16,27.0,12.1,19.6,89.4,29.2,58.3,1.4,21.3,0.0,4.1,32.4844375
2022-09-17,26.5,12.2,19.6,88.2,33.5,59.6,2.8,22.3,0.0,5.0,31.878
2022-09-18,23.6,14.8,18.8,93.8,52.6,75.1,3.1,13.5,0.0,3.3,31.16302083333333
2022-09-19,26.0,11.9,19.1,95.9,36.5,64.8,1.8,21.0,0.0,4.1,30.9708125
2022-09-20,27.2,11.2,19.4,87.7,30.1,60.7,2.0,19.8,0.0,4.4,30.530104166666664
2022-09-21,24.5,13.2,17.4,96.1,35.5,71.4,1.8,13.8,2.2,3.3,30.4824375
2022-09-22,25.4,8.8,16.7,99.9,33.8,75.2,1.3,18.6,0.0,3.4,31.895625
2022-09-23,26.2,9.9,18.0,97.5,26.7,68.2,1.8,17.8,0.0,4.0,32.75425
2022-09-24,26.6,9.6,18.1,96.7,24.4,55.5,2.5,19.1,0.0,4.7,31.2029375
2022-09-25,24.2,7.5,16.0,96.4,34.6,62.6,2.4,18.2,0.0,3.9,29.3170625
2022-09-26,22.0,10.5,15.6,97.5,18.8,61.4,1.9,19.7,0.0,3.8,29.197354166666667
2022-09-27,22.2,5.7,14.4,71.3,22.1,46.2,2.6,21.3,0.0,4.4,28.38927083333333
2022-09-28,23.1,6.9,15.6,68.8,24.5,45.5,3.0,21.1,0.0,4.8,28.015583333333336
2022-09-29,20.9,9.7,14.5,89.9,29.6,58.7,4.6,16.9,2.4,4.5,27.735354166666667
2022-09-30,18.6,5.1,12.2,98.1,30.1,57.5,2.3,20.4,0.0,3.3,27.750625
2022-10-01,21.0,3.1,12.4,83.2,21.2,52.7,1.9,20.9,0.0,3.7,27.36577083333333
2022-10-02,25.8,5.5,16.0,83.0,12.9,44.5,2.6,20.1,0.0,5.1,27.13127083333333
2022-10-03,27.8,14.5,18.8,74.9,25.3,50.9,3.1,13.8,1.4,5.3,29.0921875
2022-10-04,24.6,10.9,16.9,84.4,31.1,60.0,1.6,15.6,0.0,3.3,31.72489583333333
2022-10-05,22.4,9.6,15.9,91.2,48.2,73.7,2.3,17.7,0.0,3.2,30.02902083333333
2022-10-06,19.6,10.3,14.6,97.7,50.3,81.5,2.4,12.5,0.2,2.5,29.12270833333333
2022-10-07,21.3,8.5,14.8,97.1,43.7,74.2,2.0,17.8,0.0,3.0,28.78683333333333
2022-10-08,22.2,8.9,15.1,99.8,40.9,76.1,2.3,16.9,0.0,3.2,28.4574375
2022-10-09,22.3,8.7,14.9,98.0,46.7,81.2,2.2,16.7,10.2,3.0,30.3026875
2022-10-10,19.9,10.5,14.2,100.0,64.3,92.8,1.6,10.5,9.2,1.8,35.8634375
2022-10-11,19.0,8.8,13.2,97.8,53.5,84.2,1.7,12.3,1.0,2.1,35.524875
2022-10-12,19.0,8.5,13.5,98.2,53.7,83.9,2.1,10.4,0.0,2.1,34.48772916666667
2022-10-13,21.9,6.9,13.9,98.4,36.1,70.6,1.5,14.1,0.2,2.6,33.204708333333336
2022-10-14,25.1,6.3,14.8,97.4,17.4,62.0,1.3,14.3,0.0,3.1,32.19220833333333
2022-10-15,26.8,7.1,16.7,82.9,21.5,51.5,2.3,13.3,0.0,4.2,31.35264583333333
2022-10-16,23.4,7.4,15.6,83.6,25.6,57.0,1.6,8.7,0.2,2.8,30.6138125
2022-10-17,26.1,11.6,17.8,89.4,28.7,61.0,2.1,10.8,0.0,3.5,30.537291666666665
2022-10-18,28.9,10.8,18.7,84.0,22.2,55.5,2.1,10.7,0.0,4.1,30.25770833333333
2022-10-19,28.9,13.6,20.3,76.3,21.7,48.1,2.3,10.4,0.0,4.3,30.09120833333333
2022-10-20,23.0,14.7,18.5,79.7,32.6,53.3,1.8,4.9,0.0,2.5,29.675875
2022-10-21,24.1,11.7,17.7,82.6,28.8,50.0,3.2,10.8,0.0,4.0,29.493041666666667
2022-10-22,26.9,9.5,17.8,84.2,18.8,47.6,2.8,10.3,0.0,4.5,29.2645
2022-10-23,23.6,11.5,17.4,62.7,25.1,40.1,2.5,8.0,0.0,3.7,28.989875
2022-10-24,26.4,9.0,17.0,64.6,15.4,37.8,2.7,11.1,0.0,4.7,28.80877083333333
2022-10-25,27.3,9.7,17.8,54.6,14.4,33.8,2.8,9.4,0.0,5.0,28.5713125
2022-10-26,26.4,11.3,18.1,54.9,18.4,35.8,1.7,9.4,0.0,3.5,28.457104166666667
2022-10-27,28.9,9.9,17.8,53.8,13.4,35.2,2.2,12.4,0.0,4.8,28.297187500000003
2022-10-28,26.0,8.0,16.1,60.2,13.3,39.9,2.5,11.4,0.0,4.5,28.05958333333333
2022-10-29,25.6,7.0,15.0,69.3,15.6,45.9,2.2,11.5,0.0,4.0,27.8413125
2022-10-30,24.5,9.7,15.7,79.3,16.8,54.0,2.3,8.7,0.0,3.7,27.75086956521739
2022-10-31,24.6,7.5,16.0,72.8,17.4,43.6,2.5,7.7,0.0,3.9,27.5818125
2022-11-01,23.6,6.7,15.4,75.7,26.4,48.9,2.3,12.1,0.0,3.3,27.52316666666667
2022-11-02,23.2,6.2,14.4,97.4,29.6,67.4,2.0,11.6,0.0,2.8,27.390479166666665
2022-11-03,17.7,6.1,11.7,98.4,44.8,74.3,3.1,7.9,0.0,2.3,27.217604166666664
2022-11-04,18.4,3.9,12.1,96.8,26.6,69.4,4.0,10.2,0.0,3.3,27.148104166666663
2022-11-05,20.2,-0.4,9.2,92.7,10.2,56.7,1.7,12.1,0.0,2.8,26.77060416666667
2022-11-06,21.0,-0.8,9.5,69.0,17.6,42.2,1.8,12.2,0.0,2.9,26.54795833333333
2022-11-07,23.5,0.4,10.9,59.5,14.2,37.8,1.9,14.5,0.0,3.5,26.3938125
2022-11-08,19.2,0.2,9.6,70.0,26.2,52.2,2.1,11.4,0.0,2.7,26.25977083333333
2022-11-09,18.2,3.3,9.8,100.0,44.9,77.3,2.1,9.6,0.2,2.0,26.267479166666664
2022-11-10,17.3,3.5,10.0,100.0,37.0,78.0,1.5,12.8,0.2,1.8,26.317229166666667
2022-11-11,14.6,7.0,10.7,86.4,56.6,76.9,3.1,8.9,0.0,1.8,26.312833333333334
2022-11-12,17.8,8.6,13.1,87.7,46.9,74.8,3.6,8.8,0.0,2.4,26.46964583333333
2022-11-13,19.0,4.3,10.8,88.7,38.9,71.2,1.5,13.5,0.0,1.9,26.288291666666662
2022-11-14,17.8,2.4,10.1,94.7,43.2,71.7,1.8,10.7,0.0,1.8,26.1244375
2022-11-15,17.3,6.2,11.6,100.0,43.8,76.6,4.5,8.1,0.0,2.5,26.1141875
2022-11-16,14.7,10.5,11.9,100.0,50.3,78.4,4.4,4.1,0.6,1.9,30.48183333333333
2022-11-17,17.8,8.7,13.2,99.9,47.2,76.5,5.6,11.5,0.0,2.7,31.5485625
2022-11-18,13.2,5.1,9.2,99.9,53.5,73.1,4.3,5.6,1.2,1.7,31.1398125
2022-11-19,8.3,2.5,5.9,81.8,42.6,58.2,4.7,11.9,0.0,1.9,31.575375
2022-11-20,15.0,2.1,7.4,96.5,40.8,67.4,3.4,13.3,0.0,2.2,30.43733333333333
2022-11-21,15.6,2.8,9.5,100.0,40.1,76.9,7.5,9.3,3.2,3.0,30.079229166666668
2022-11-22,10.5,4.7,7.8,88.3,43.6,66.8,7.3,9.9,0.0,2.4,30.11025
2022-11-23,15.8,9.4,12.0,89.0,54.9,73.1,6.7,7.3,0.0,2.5,29.644895833333333
2022-11-24,17.0,6.8,10.5,100.0,52.1,86.5,1.7,9.0,0.0,1.4,29.15775
2022-11-25,17.6,1.9,9.8,100.0,31.0,75.6,2.4,10.8,0.0,2.2,28.6709375
2022-11-26,18.9,-3.4,5.9,92.0,5.3,49.4,1.5,13.1,0.0,2.4,27.8375625
2022-11-27,19.4,-2.2,7.2,56.6,7.7,34.3,1.6,11.1,0.0,2.6,27.32752083333333
2022-11-28,11.7,0.2,7.4,68.8,25.9,46.4,3.4,12.7,0.0,2.3,27.023666666666667
2022-11-29,11.7,-5.8,2.7,82.2,30.7,58.0,1.4,12.4,0.0,1.3,26.61025
2022-11-30,12.7,-4.8,4.3,74.4,24.6,51.4,1.3,10.8,0.0,1.4,26.373708333333337
2022-12-01,10.6,-0.4,5.2,81.9,50.0,65.8,1.9,6.1,0.0,1.2,26.31052083333333
2022-12-02,7.5,4.3,5.7,88.0,68.1,78.9,2.7,4.0,0.0,1.0,26.212
2023-01-13,12.9,-1.6,4.2,100.0,36.8,78.7,1.4,9.4,0.0,1.3,25.869137931034484
2023-01-14,14.1,-3.8,4.3,83.2,22.0,55.8,2.0,11.6,0.0,2.0,25.7375
2023-01-15,13.8,-3.8,5.3,91.3,40.7,67.0,3.6,10.7,0.0,2.2,25.660375
2023-01-16,9.2,0.9,5.4,79.9,46.1,65.8,8.0,11.0,0.0,2.3,25.55933333333333
2023-01-17,12.6,3.5,8.4,87.1,42.6,57.1,9.8,10.8,0.8,3.0,25.57925
2023-01-18,4.3,-1.8,1.7,95.6,50.2,68.0,6.0,8.4,2.0,1.4,27.026979166666667
2023-01-19,5.5,-3.6,1.6,83.8,47.6,65.3,5.1,13.0,0.0,1.6,28.4104375
2023-01-20,11.2,3.3,6.1,100.0,47.7,81.1,4.5,9.3,0.0,1.8,28.11295833333333
2023-01-21,10.3,0.8,5.2,100.0,36.4,74.4,3.4,8.6,0.0,1.8,27.6726875
2023-01-22,5.4,-3.4,1.0,61.2,27.2,40.0,2.9,13.7,0.0,1.8,26.971541666666667
2023-01-23,4.9,-5.9,0.1,64.4,35.6,47.4,2.0,13.7,0.0,1.3,26.479229166666663
2023-01-24,4.3,-6.0,-0.8,82.3,47.0,62.5,2.1,10.1,0.0,1.1,26.258604166666668
2023-01-25,5.8,-8.2,-0.8,85.3,44.0,66.7,1.8,12.0,0.0,1.1,25.99002083333333
2023-01-26,3.9,-5.2,-0.4,86.8,51.5,67.0,2.5,6.4,0.0,1.0,25.881229166666667
2023-01-27,6.8,-8.5,-0.7,99.9,38.2,70.8,2.7,11.9,0.0,1.4,25.7494375
2023-01-28,6.4,-8.9,-1.2,80.7,31.6,58.1,1.6,13.9,0.0,1.3,25.601770833333333
2023-01-29,7.1,-8.5,-0.1,79.9,35.7,61.8,1.9,14.1,0.0,1.4,25.50016666666667
2023-01-30,8.8,-4.8,2.2,85.1,37.4,62.8,1.4,13.4,0.0,1.3,25.849979166666667
2023-01-31,12.0,-8.3,1.0,81.8,9.5,51.6,1.8,14.9,0.0,2.1,25.61925
2023-02-01,13.8,-5.6,2.9,92.9,13.2,52.2,1.7,15.0,0.0,2.1,25.56747916666667
2023-02-02,12.3,-6.3,2.5,95.5,14.7,51.4,2.2,14.9,0.0,2.2,25.528166666666667
2023-02-03,13.8,-6.6,3.1,54.4,14.9,35.5,2.0,15.4,0.0,2.5,25.38835416666667
2023-02-04,17.4,-6.1,4.7,59.0,8.1,32.6,1.7,15.7,0.0,2.8,25.37125
2023-02-05,15.8,-6.0,5.1,59.5,13.1,34.5,2.0,15.8,0.0,2.7,25.3560625
2023-02-06,12.7,-6.7,2.2,95.4,25.8,65.5,3.0,14.8,2.2,2.5,25.2213125
2023-02-07,4.7,0.7,2.5,99.3,78.6,91.3,2.8,2.9,0.8,0.6,25.055229166666667
2023-02-08,8.1,1.2,4.3,94.3,60.5,80.6,2.8,8.0,0.0,1.2,25.193250000000003
2023-02-09,7.1,2.1,3.8,94.2,59.9,80.9,2.6,7.5,0.0,1.2,25.10008333333333
2023-02-10,5.1,-0.9,1.8,95.5,53.2,78.3,3.4,7.4,0.4,1.2,25.300166666666662
2023-02-11,5.1,0.0,2.3,91.5,77.1,86.6,3.4,5.2,2.0,0.8,25.197645833333336
2023-02-12,6.1,1.2,3.7,93.8,66.5,84.9,2.9,5.8,0.4,1.0,25.190458333333336
2023-02-13,7.5,0.2,4.1,94.0,66.9,80.9,2.6,7.4,0.0,1.1,25.42489583333333
2023-02-14,6.4,1.5,4.1,91.0,74.8,83.6,3.4,5.4,0.0,1.0,25.474520833333333
2023-02-15,6.9,1.9,4.8,95.1,75.3,85.7,3.1,3.8,0.0,0.9,25.51308333333333
2023-02-16,11.5,-2.0,5.0,100.0,47.0,74.7,2.5,11.5,0.2,1.7,25.5954375
2023-02-17,10.5,0.4,5.5,87.4,47.9,69.6,3.6,8.5,0.0,1.9,25.550854166666667
2023-02-18,11.7,2.9,7.0,86.0,45.0,66.1,3.0,7.2,0.2,1.9,25.600166666666667
2023-02-19,14.1,1.9,7.6,75.5,32.1,56.0,2.7,10.5,0.0,2.5,25.56470833333333
2023-02-20,15.7,2.7,8.4,63.5,28.6,46.1,2.9,12.4,0.0,3.1,25.533395833333334
2023-02-21,18.8,2.6,10.2,85.8,25.3,59.1,2.4,13.6,0.6,3.1,25.739666666666665
2023-02-22,16.9,-1.0,8.0,90.5,28.6,62.6,1.9,16.5,0.0,2.6,25.631645833333334
2023-02-23,14.3,-2.2,5.7,90.3,25.0,61.5,3.3,17.4,0.0,3.0,25.497979166666667
2023-02-24,11.3,-5.9,2.9,74.8,20.9,48.9,2.0,15.7,0.0,2.3,25.24439583333333
2023-02-25,6.2,-3.3,0.9,99.1,44.0,64.5,2.6,10.9,0.8,1.5,25.08145833333333
2023-02-26,7.8,-1.7,3.4,100.0,41.4,67.9,4.3,17.6,1.2,2.0,25.23464583333333
2023-02-27,5.1,-2.0,1.8,74.3,15.2,37.9,4.2,19.6,0.0,2.6,25.14764583333333
2023-02-28,9.2,-5.5,1.9,57.8,22.6,39.3,3.6,19.7,0.0,2.9,25.044104166666667
2023-03-01,9.7,-9.3,0.8,68.4,20.7,44.0,2.9,19.4,0.0,2.6,24.939791666666665
2023-03-02,8.1,-5.6,1.8,59.6,26.8,40.0,3.1,19.2,0.0,2.5,24.815270833333333
2023-03-03,13.0,-6.6,3.0,62.6,9.8,38.5,2.5,19.9,0.0,3.2,24.789020833333336
2023-03-04,13.4,-6.1,3.9,73.5,12.2,46.1,1.9,20.4,0.0,2.8,24.7066875
2023-03-05,14.4,-3.4,5.5,92.0,13.2,51.4,2.4,11.7,0.4,2.9,24.632041666666662
2023-03-06,13.0,3.3,8.0,96.7,37.3,66.2,3.7,16.7,0.0,2.7,24.748229166666665
2023-03-07,15.2,5.9,9.9,95.0,29.4,63.1,4.4,19.4,0.0,3.5,24.6540625
2023-03-08,19.2,6.5,12.4,86.4,40.9,65.7,4.8,18.5,0.0,3.9,24.642625
2023-03-09,17.6,6.1,11.0,100.0,45.3,75.0,5.4,11.9,7.0,3.1,25.227520833333333
2023-03-10,19.2,6.2,11.4,83.9,29.3,60.0,4.4,18.6,0.0,4.4,27.199354166666662
2023-03-11,22.4,1.6,11.5,98.1,17.0,66.9,3.0,20.6,0.0,4.7,26.446604166666663
2023-03-12,24.5,3.1,13.5,100.0,27.0,65.7,1.3,20.7,0.0,3.5,26.006416666666667
2023-03-13,24.0,6.1,14.7,75.3,5.6,45.5,3.9,20.9,0.0,6.2,25.551041666666663
2023-03-14,19.5,5.4,11.9,70.2,11.5,39.5,3.8,21.3,0.0,5.1,25.05320833333333
2023-03-15,21.8,0.0,11.3,54.8,13.8,35.8,1.8,22.4,0.0,4.1,24.64045833333333
2023-03-16,22.5,3.4,12.6,58.5,16.7,37.8,2.7,22.4,0.0,5.0,24.29460416666667
2023-03-17,19.4,1.3,9.8,68.6,26.4,50.1,2.7,20.4,0.0,4.0,23.87670833333333
2023-03-18,15.2,5.7,9.7,76.1,31.7,54.4,3.1,17.3,0.0,3.4,23.5263125
2023-03-19,15.5,0.7,8.2,76.5,30.5,56.9,2.0,16.8,0.0,2.9,23.17325
2023-03-20,19.2,-1.0,9.5,85.7,22.5,54.4,1.6,23.0,0.0,3.5,23.044833333333333
2023-03-21,20.5,-0.4,10.6,74.4,9.2,41.5,1.9,22.9,0.0,4.1,22.796000000000003
2023-03-22,21.6,-0.2,11.5,65.7,14.0,40.9,1.8,23.7,0.0,4.2,22.560291666666668
2023-03-23,23.4,1.5,13.2,63.2,10.9,36.9,2.0,24.1,0.0,4.8,22.2950625
2023-03-24,23.2,3.3,13.1,64.2,9.1,37.5,2.5,21.3,0.0,5.1,21.99095833333333
2023-03-25,24.0,2.9,14.2,69.1,20.9,43.3,2.4,23.6,0.0,4.9,21.77752083333333
2023-03-26,23.5,6.3,15.3,70.0,8.5,41.2,3.4,24.3,0.0,6.0,21.56252083333333
2023-03-27,22.8,3.5,12.7,62.3,8.0,37.5,2.3,23.8,0.0,5.1,21.240979166666666
2023-03-28,21.9,2.1,12.0,75.3,15.8,39.5,2.4,24.4,0.0,4.8,20.944
2023-03-29,25.0,2.9,14.2,75.3,8.5,33.1,2.1,25.1,0.0,5.3,20.746166666666667
2023-03-30,25.5,3.7,15.6,50.0,3.6,27.9,3.0,24.6,0.0,6.5,20.538666666666668
2023-03-31,22.8,10.2,16.5,56.7,17.6,34.8,5.2,22.8,0.0,6.8,20.29625
2023-04-01,20.6,7.8,14.5,70.7,22.4,46.9,4.7,23.1,0.0,5.6,20.08279166666667
2023-04-02,17.9,6.7,12.3,53.7,13.4,30.4,3.8,26.2,0.0,5.4,19.85645833333333
2023-04-03,18.6,-0.4,10.2,67.4,6.6,32.7,2.1,26.1,0.0,4.4,19.569479166666667
2023-04-04,18.9,4.9,11.1,76.0,20.7,48.7,2.2,24.0,0.0,4.2,19.4159375
2023-04-05,17.4,0.8,9.4,78.7,12.1,43.9,2.9,26.4,0.0,4.6,19.2155
2023-04-06,17.2,-0.8,9.1,60.9,8.5,31.3,2.8,22.8,0.0,4.5,18.951854166666667
2023-04-07,20.0,-0.1,10.9,48.4,9.0,30.5,2.3,26.5,0.0,4.9,18.876541666666665
2023-04-08,24.4,0.3,13.3,57.7,8.9,28.2,1.9,26.7,0.0,5.3,18.814375
2023-04-09,25.8,2.4,14.9,40.6,8.6,23.5,2.7,26.4,0.0,6.4,18.695916666666665
2023-04-10,25.2,6.3,16.8,41.0,10.7,24.6,2.3,25.0,0.0,5.8,18.5415625
2023-04-11,27.1,4.7,16.9,43.7,7.0,22.5,2.6,26.9,0.0,6.6,18.375208333333333
2023-04-12,23.4,5.9,15.1,50.8,8.2,32.2,4.4,26.0,0.0,7.2,18.167979166666665
2023-04-13,19.7,6.4,13.0,67.6,7.7,35.0,3.6,26.1,0.0,5.7,17.940895833333332
2023-04-14,21.4,1.3,12.7,50.4,15.9,32.7,3.5,26.2,0.0,5.8,17.745208333333334
2023-04-15,23.0,4.7,15.1,71.8,13.0,39.6,3.5,27.2,0.0,6.2,17.6836875
2023-04-16,22.5,4.1,13.8,73.2,18.2,43.0,2.3,27.5,0.0,5.2,17.5346875
2023-04-17,21.6,1.3,11.7,76.7,17.4,44.8,2.6,27.6,0.0,5.3,17.453895833333334
2023-04-18,19.9,2.8,11.0,67.4,24.5,48.4,3.3,27.8,0.0,5.2,17.415208333333332
2023-04-19,21.2,3.2,12.3,67.8,20.9,40.9,2.9,25.8,0.0,5.3,17.302104166666666
2023-04-20,24.8,4.9,15.0,54.5,14.4,34.8,2.0,26.1,0.0,5.5,17.231979166666665
2023-04-21,24.9,4.1,15.2,53.0,13.4,31.5,3.1,25.3,0.0,6.4,17.065166666666666
2023-04-22,21.2,7.8,13.7,71.0,32.2,48.2,3.1,20.2,0.0,4.7,16.944416666666665
2023-04-23,24.3,3.6,14.7,69.5,13.4,37.9,2.2,28.5,0.0,5.7,16.921333333333333
2023-04-24,26.5,3.9,16.2,55.0,10.0,33.4,2.1,28.4,0.0,6.1,16.86885416666667
2023-04-25,28.2,4.4,18.0,51.7,9.9,30.0,2.5,28.5,0.0,6.9,16.78260416666667
2023-04-26,30.1,7.4,19.3,47.6,5.5,27.2,2.6,28.8,0.0,7.6,16.66989583333333
2023-04-27,31.7,6.9,20.4,44.1,6.7,27.2,2.4,24.7,0.0,7.4,16.508916666666668
2023-04-28,32.7,12.2,23.1,50.3,11.3,26.1,2.6,20.1,0.0,7.2,16.4029375
2023-04-29,27.5,12.6,19.1,65.2,17.4,40.9,3.2,19.0,0.0,6.5,16.358479166666665
2023-04-30,25.8,10.1,17.0,88.7,10.9,50.7,2.2,21.8,14.0,5.5,16.226458333333333
2023-05-01,25.2,8.2,16.6,99.6,17.9,58.3,1.8,28.2,0.0,5.4,16.5970625
2023-05-02,25.4,7.7,17.1,79.0,17.4,40.8,2.4,25.8,0.0,5.8,17.378395833333332
2023-05-03,26.0,8.2,17.0,77.9,7.6,39.0,2.2,27.4,0.0,6.1,17.727645833333334
2023-05-04,25.3,6.4,16.4,84.9,11.4,44.9,2.4,25.8,0.0,5.9,17.642708333333335
2023-05-05,27.2,7.2,18.0,65.1,15.6,37.1,2.1,28.7,0.0,6.2,17.374458333333333
2023-05-06,27.6,9.5,18.4,57.0,16.4,37.2,2.3,26.1,0.2,6.4,17.05635416666667
2023-05-07,23.9,11.0,17.6,63.8,25.6,45.5,2.3,22.6,0.0,5.2,16.746041666666667
2023-05-08,26.9,8.1,18.5,81.0,15.7,40.8,2.4,26.6,0.0,6.2,16.5801875
2023-05-09,29.4,8.7,20.5,53.8,18.0,32.2,2.8,27.9,0.0,7.2,16.473916666666668
2023-05-10,27.2,13.0,18.6,59.9,17.6,45.5,2.3,23.8,0.0,6.2,16.295833333333334
2023-05-11,24.1,10.0,15.8,89.9,23.3,60.1,2.7,26.2,0.0,5.6,16.1634375
2023-05-12,23.1,7.1,13.3,97.2,13.8,65.7,2.8,25.0,2.0,5.7,15.842208333333334
2023-05-13,14.2,5.0,10.0,93.7,38.9,67.3,2.1,16.8,0.4,2.9,15.600145833333334
2023-05-14,19.0,2.1,11.6,94.2,22.6,51.8,3.2,25.7,0.2,4.8,15.947208333333334
2023-05-15,20.6,3.9,14.0,76.3,19.6,38.6,3.4,24.9,0.0,5.4,16.195249999999998
2023-05-16,23.8,6.1,15.4,51.4,5.0,29.8,2.7,30.5,0.0,6.7,16.1930625
2023-05-17,19.1,8.6,13.3,80.3,31.6,51.5,2.4,18.3,2.8,4.0,15.9363125
2023-05-18,17.6,5.8,11.0,89.0,38.1,69.3,2.5,22.1,0.0,3.8,15.780229166666668
2023-05-19,15.6,3.5,9.7,94.8,41.6,70.3,1.8,16.5,0.0,2.9,16.117145833333336
2023-05-20,17.4,3.3,10.1,93.8,30.8,70.3,2.2,21.4,4.4,3.8,16.4725
2023-05-21,16.3,5.9,11.2,93.3,43.2,72.1,2.6,17.9,1.2,3.3,16.930395833333332
2023-05-22,13.5,8.2,10.5,97.5,63.3,82.6,2.8,6.4,9.0,1.7,17.380916666666668
2023-05-23,15.0,8.2,10.8,100.0,63.8,87.3,3.0,12.1,21.8,2.2,33.5405625
2023-05-24,17.2,7.7,11.9,98.0,54.6,78.8,2.1,17.7,0.0,3.0,34.23679166666667
2023-05-25,20.7,6.1,12.8,95.6,37.6,75.8,2.0,19.3,5.0,3.8,34.35760416666667
2023-05-26,19.5,10.8,14.3,90.8,47.7,74.7,3.4,20.8,0.6,4.0,35.0270625
2023-05-27,18.2,9.4,12.6,100.0,59.5,85.1,2.6,9.4,39.2,2.3,34.93997916666667
2023-05-28,17.7,6.9,11.6,100.0,54.8,86.1,1.6,14.2,1.6,2.6,34.47897916666667
2023-05-29,20.2,8.8,13.5,100.0,40.5,78.6,2.3,19.5,0.4,3.8,33.78225
2023-05-30,19.9,7.3,12.5,100.0,39.3,81.2,1.7,16.5,6.2,3.3,34.19020833333334
2023-05-31,18.8,7.0,13.8,100.0,43.6,75.2,1.7,22.2,0.2,3.7,33.67208333333333
2023-06-01,21.2,9.7,13.6,93.1,44.4,77.6,1.8,18.0,11.2,3.6,33.813
2023-06-02,18.2,8.4,12.9,96.1,54.1,78.1,1.9,15.5,0.6,2.9,33.544895833333335
2023-06-03,19.4,8.6,13.6,100.0,49.4,81.8,1.5,20.6,1.2,3.4,33.33229166666667
2023-06-04,20.7,8.2,14.8,100.0,48.8,80.4,1.7,21.8,0.2,3.7,33.74725
2023-06-05,21.2,12.0,15.8,100.0,43.7,78.1,1.4,18.3,0.0,3.5,33.2535625
2023-06-06,24.0,11.0,17.5,97.4,37.6,68.8,2.4,29.0,0.0,5.4,32.621541666666666
2023-06-07,17.5,12.7,14.9,100.0,59.3,85.1,1.3,7.0,8.0,1.8,33.288354166666664
2023-06-08,22.7,13.2,16.8,100.0,56.4,89.5,1.7,14.2,6.8,3.0,33.06545833333333
2023-06-09,23.0,12.0,17.4,100.0,42.9,72.2,2.3,26.3,0.2,4.8,32.44835416666667
2023-06-10,25.7,12.1,18.8,100.0,19.4,63.7,1.4,30.5,0.0,5.6,31.54277083333333
2023-06-11,26.6,13.6,20.2,93.6,26.5,57.2,2.0,30.3,0.0,6.1,30.46383333333333
2023-06-12,26.8,13.5,20.2,87.3,26.5,53.4,1.8,26.1,0.0,5.6,29.26652083333333
2023-06-13,25.3,13.4,18.5,84.0,19.7,54.3,3.2,28.8,0.0,6.7,28.3136875
2023-06-14,25.7,11.2,19.6,72.2,34.1,49.0,1.9,31.5,0.0,6.0,27.6955
2023-06-15,28.3,13.0,21.0,79.1,29.7,51.9,1.5,30.5,0.0,6.0,27.010604166666667
2023-06-16,29.9,13.0,22.0,84.0,23.5,48.7,1.7,30.3,0.0,6.5,26.822875
2023-06-17,30.1,13.8,22.6,72.1,25.5,44.4,2.2,30.2,0.0,6.9,26.496770833333333
2023-06-18,25.6,14.9,19.0,78.2,34.9,56.8,1.9,10.0,1.8,3.7,25.957875
2023-06-19,27.3,13.9,21.0,86.9,29.9,52.3,2.1,25.6,0.2,5.7,25.742729166666667
2023-06-20,28.3,15.3,21.6,93.2,35.5,59.0,1.6,23.2,0.4,5.1,25.6723125
2023-06-21,27.1,14.4,19.8,91.7,33.5,65.9,1.6,19.0,1.8,4.5,25.431875
2023-06-22,29.3,11.4,20.9,93.2,14.1,57.7,1.5,30.5,0.0,6.3,25.276645833333333
2023-06-23,28.5,15.2,21.8,76.9,32.0,53.2,2.6,30.3,0.0,6.8,25.08377083333333
2023-06-24,30.5,14.6,22.7,76.8,26.0,48.7,2.1,30.7,0.0,7.0,24.872354166666668
2023-06-25,33.4,14.5,24.8,79.3,22.2,45.9,1.6,29.8,0.0,6.9,24.59483333333333
2023-06-26,34.3,17.6,23.7,73.5,15.4,47.4,2.3,24.2,9.0,7.7,24.26714583333333
2023-06-27,32.3,15.9,24.6,67.2,16.8,42.0,2.3,28.4,0.0,7.5,23.86252083333333
2023-06-28,34.1,14.1,24.4,73.7,10.9,43.9,1.9,29.4,0.0,7.6,23.621854166666665
2023-06-29,33.3,14.2,24.8,82.7,15.0,44.4,2.1,28.9,0.0,7.4,23.33352083333333
2023-06-30,32.5,16.1,23.2,87.8,13.8,56.9,2.4,28.9,0.0,7.7,23.063791666666663
2023-07-01,29.8,19.0,23.5,84.9,36.6,61.6,1.9,27.5,0.0,6.1,22.89770833333333
2023-07-02,32.1,15.5,23.1,98.6,25.7,60.9,1.9,26.4,0.0,6.4,22.64539583333333
2023-07-03,33.8,14.8,24.4,88.1,15.6,52.0,1.8,30.0,0.0,7.3,22.399270833333333
2023-07-04,32.6,14.2,24.3,81.3,13.5,39.5,2.1,30.9,0.0,7.5,22.236395833333333
2023-07-05,32.8,12.6,23.4,87.8,14.9,43.2,1.8,28.8,0.0,7.0,22.04895833333333
2023-07-06,30.7,16.2,23.3,100.0,34.5,65.1,2.2,26.3,0.0,6.1,21.876729166666667
2023-07-07,32.0,18.2,24.2,90.2,28.6,59.3,2.2,25.3,0.0,6.5,21.799791666666668
2023-07-08,33.6,15.6,24.8,93.3,27.3,58.5,1.8,28.8,0.0,6.8,21.60608333333333
2023-07-09,37.5,17.4,27.6,84.0,16.4,47.4,1.9,29.0,0.0,7.9,21.49145833333333
2023-07-10,39.3,17.7,29.5,73.4,8.5,36.5,2.8,28.9,0.0,9.7,21.229541666666663
2023-07-11,40.2,18.8,29.6,68.4,8.4,30.0,2.8,26.2,0.0,9.8,20.920291666666667
2023-07-12,37.5,16.2,28.4,51.9,7.1,23.2,2.8,30.0,0.0,9.5,20.59495833333333
2023-07-13,36.0,15.6,26.2,90.6,5.5,34.1,2.5,30.8,0.0,8.8,20.287979166666663
2023-07-14,35.7,17.2,26.3,100.0,9.1,53.3,1.9,30.4,0.0,7.8,20.04875
2023-07-15,35.0,14.2,25.4,80.5,8.6,36.1,2.4,30.3,0.0,8.4,19.789666666666665
2023-07-16,36.8,14.5,26.1,82.2,13.0,37.6,2.7,27.9,0.0,8.8,19.568104166666668
2023-07-17,38.4,16.9,28.4,84.4,5.9,38.0,2.9,29.7,0.0,9.8,19.446708333333333
2023-07-18,39.5,16.8,29.2,53.6,3.0,23.2,2.1,29.5,0.0,8.9,19.251083333333334
2023-07-19,37.9,18.3,28.7,50.7,12.1,30.2,2.1,26.6,0.0,8.2,19.0741875
2023-07-20,35.5,18.2,26.7,49.7,15.1,31.5,2.7,22.2,0.0,8.1,18.8390625
2023-07-21,33.2,12.8,24.0,47.1,4.7,25.9,2.4,25.4,0.0,7.8,18.67470833333333
2023-07-22,34.5,12.0,24.0,76.9,14.1,37.7,1.8,26.1,0.0,7.0,18.5511875
2023-07-23,37.8,16.0,27.2,87.0,11.3,43.4,2.4,23.3,0.0,8.1,18.500083333333333
2023-07-24,34.3,18.4,26.3,49.3,10.7,27.0,3.5,24.8,0.0,9.3,18.35483333333333
2023-07-25,33.0,15.3,24.3,58.1,5.0,29.4,3.0,30.2,0.0,8.9,18.153291666666664
2023-07-26,31.1,12.4,22.5,77.4,25.8,44.0,2.6,29.1,0.0,7.2,18.000708333333332
2023-07-27,32.7,17.0,24.1,91.4,21.6,53.4,2.2,27.7,0.0,7.0,17.939958333333333
2023-07-28,35.2,13.0,24.5,82.7,11.5,41.4,2.1,29.1,0.0,7.8,17.8320625
2023-07-29,36.3,14.4,25.8,69.7,7.0,34.3,2.4,29.2,0.0,8.6,17.73575
2023-07-30,37.0,14.4,26.2,56.1,6.6,29.5,2.5,29.7,0.0,9.1,17.5851875
2023-07-31,36.1,14.5,26.2,66.1,10.9,31.4,2.6,29.4,0.0,8.7,17.4216875
2023-08-01,34.7,12.4,25.5,43.8,11.8,24.8,2.0,29.1,0.0,7.6,17.253645833333334
2023-08-02,35.7,13.1,25.8,47.2,7.6,27.4,2.6,29.3,0.0,8.8,17.0860625
2023-08-03,34.1,15.8,25.7,49.7,6.5,29.5,2.8,29.1,0.0,8.7,16.941083333333335
2023-08-04,30.9,13.6,21.9,86.1,27.1,52.4,2.2,26.5,0.0,6.4,16.771270833333332
2023-08-05,33.0,10.3,22.2,100.0,7.0,47.3,1.8,28.8,0.0,6.9,16.65875
2023-08-06,35.6,15.0,25.0,41.3,11.1,26.7,2.3,28.8,0.0,8.4,16.564416666666666
2023-08-07,32.5,15.6,23.6,89.4,25.3,48.5,2.7,27.9,0.0,7.3,16.475604166666667
2023-08-08,36.9,18.0,26.1,100.0,18.9,55.6,2.0,25.2,0.0,7.3,16.456791666666668
2023-08-09,39.9,18.4,27.6,66.6,12.2,42.2,1.9,23.6,1.4,7.9,16.411875
2023-08-10,40.0,18.2,28.8,86.3,7.9,36.7,2.9,26.1,0.0,9.7,16.333875000000003
2023-08-11,38.5,16.2,27.3,74.3,6.9,35.9,2.2,27.9,0.0,8.5,16.167041666666666
2023-08-12,37.2,15.0,25.7,86.2,5.7,46.6,2.9,26.5,0.0,9.2,16.008270833333334
2023-08-13,34.5,16.1,24.6,82.0,21.0,49.8,2.6,24.5,0.0,7.4,15.883791666666667
2023-08-14,35.7,15.2,25.3,83.1,5.3,44.4,2.9,28.0,0.0,8.9,15.817416666666666
2023-08-15,35.9,15.0,24.9,72.6,11.9,42.4,2.5,24.0,0.0,8.0,15.7111875
2023-08-16,34.5,16.0,25.7,81.0,11.1,44.5,2.3,26.6,0.0,7.4,15.6539375
2023-08-17,34.3,13.7,24.5,74.9,9.0,38.6,2.6,27.7,0.0,8.0,15.508875000000002
2023-08-18,35.0,12.2,24.5,56.8,8.2,27.6,2.3,27.0,0.0,7.8,15.36775
2023-08-19,35.6,14.4,25.5,45.9,7.5,26.7,1.7,26.8,0.0,7.0,15.253083333333334
2023-08-20,36.5,16.8,26.9,62.4,15.9,39.9,2.3,26.2,0.0,7.8,15.171270833333333
2023-08-21,34.3,17.6,25.8,63.5,12.6,40.1,2.8,26.3,0.0,8.1,15.080583333333337
2023-08-22,32.8,16.5,25.0,53.3,18.8,35.7,3.3,26.3,0.0,8.2,14.95175
2023-08-23,32.6,14.6,24.4,53.8,16.4,31.6,3.0,26.5,0.0,7.8,14.837104166666668
2023-08-24,35.9,14.6,25.1,50.7,13.1,32.9,2.1,26.2,0.0,7.5,14.7350625
2023-08-25,36.7,14.4,26.4,56.4,11.7,30.8,2.1,22.7,0.0,7.2,14.656604166666668
2023-08-26,36.5,15.9,25.9,70.7,13.1,30.0,3.3,21.6,0.2,8.8,14.501645833333331
2023-08-27,23.4,15.0,19.4,76.6,21.9,39.3,4.5,26.2,0.4,6.4,14.338041666666667
2023-08-28,27.3,9.0,18.7,49.0,17.8,31.8,2.7,26.3,0.0,6.4,14.265166666666666
2023-08-29,29.6,8.8,19.9,52.9,15.9,32.8,2.3,26.1,0.0,6.5,14.241916666666668
2023-08-30,25.7,11.2,18.4,78.0,32.6,51.4,2.6,19.5,0.0,4.9,14.142270833333331
2023-08-31,28.6,9.1,19.7,85.5,23.7,53.5,1.9,24.4,0.0,5.3,14.120083333333334
2023-09-01,29.1,13.2,21.1,81.5,25.1,50.1,2.3,21.1,0.0,5.5,14.159583333333332
2023-09-02,24.6,13.6,18.2,96.1,38.2,58.6,3.2,15.3,9.0,4.2,14.253875
2023-09-03,20.8,12.7,17.0,97.7,77.3,88.3,3.9,4.8,10.4,1.6,30.8026875
2023-09-04,27.3,15.2,20.9,100.0,36.6,74.0,2.2,18.9,0.0,4.4,32.674104166666666
2023-09-05,28.2,13.6,20.3,95.4,30.2,70.7,1.3,20.8,0.0,4.3,31.1695625
2023-09-06,27.6,16.6,21.0,100.0,30.7,73.6,2.1,20.1,0.0,4.7,30.13820833333333
2023-09-07,27.3,14.0,20.4,96.2,36.9,68.8,2.0,21.3,0.0,4.5,29.415020833333333
2023-09-08,28.5,16.6,21.2,96.2,36.5,71.6,2.4,21.9,0.0,5.0,28.908666666666665
2023-09-09,28.6,13.8,21.0,91.9,24.6,56.8,2.7,21.4,0.0,5.5,28.435166666666664
2023-09-10,29.3,11.1,20.6,86.0,20.5,53.7,2.4,22.1,0.0,5.7,28.007479166666663
2023-09-11,27.6,13.6,20.6,100.0,26.8,64.9,2.0,20.3,0.0,4.6,27.75195833333333
2023-09-12,27.5,13.9,20.3,89.1,19.4,59.3,1.8,19.3,0.0,4.6,27.448729166666663
2023-09-13,25.4,14.5,19.9,94.4,39.7,68.5,2.5,18.3,0.0,4.2,27.21539583333333
2023-09-14,25.1,15.4,19.7,93.4,45.3,71.0,3.3,16.5,0.0,4.1,26.970895833333334
2023-09-15,26.9,14.2,19.5,99.2,36.1,69.6,1.8,16.2,1.4,3.8,26.678291666666667
2023-09-16,25.5,12.4,18.9,100.0,27.8,72.8,1.5,16.0,0.2,3.5,26.40925
2023-09-17,27.4,15.0,20.0,100.0,36.8,67.6,2.9,19.0,0.2,4.7,26.418020833333333
2023-09-18,24.1,10.6,17.4,100.0,35.8,62.5,2.7,19.5,0.0,4.2,26.138666666666666
2023-09-19,23.7,11.4,16.9,85.2,37.5,64.9,2.0,16.3,0.0,3.6,26.72402083333333
2023-09-20,24.9,10.2,16.9,100.0,27.1,63.6,1.7,20.5,0.0,4.0,31.756125
2023-09-21,24.6,8.4,17.0,85.5,9.3,55.3,3.9,21.1,0.0,6.1,30.121166666666667
2023-09-22,22.6,11.3,16.7,95.0,24.6,57.6,3.8,21.4,0.0,4.9,29.32647916666667
2023-09-23,24.2,6.8,15.6,78.8,22.7,51.0,1.8,22.0,0.0,4.2,28.6789375
2023-09-24,25.6,9.6,17.1,86.5,21.4,53.1,2.3,22.1,0.0,4.8,28.357666666666663
2023-09-25,27.6,8.6,18.3,78.5,12.1,44.5,2.5,21.9,0.0,5.5,28.067166666666665
2023-09-26,27.3,8.7,18.2,83.5,20.1,52.6,2.2,21.5,0.0,4.9,27.791354166666665
2023-09-27,28.5,10.1,18.9,84.8,20.8,52.2,2.0,21.3,0.0,4.9,27.613354166666667
2023-09-28,29.1,9.6,19.6,84.3,24.1,54.9,1.8,20.7,0.0,4.6,27.4430625
2023-09-29,29.1,11.6,20.2,72.4,25.4,49.7,2.3,20.7,0.0,5.1,27.262729166666663
2023-09-30,28.6,11.7,19.7,76.5,21.7,47.0,2.7,20.9,0.0,5.5,27.041375
2023-10-01,29.4,10.8,19.4,58.5,13.9,40.3,2.5,21.1,0.0,5.9,26.7364375
2023-10-02,29.9,8.9,19.3,65.2,15.3,41.1,2.0,20.8,0.0,5.2,26.5205625
2023-10-03,30.0,8.9,19.5,83.6,11.4,47.9,1.9,20.1,0.0,5.0,26.349125
2023-10-04,27.3,11.5,18.4,100.0,21.4,59.6,2.1,19.1,0.0,4.4,26.121166666666667
2023-10-05,28.4,9.0,18.6,80.5,16.4,42.5,2.4,20.1,0.0,5.2,25.897729166666664
2023-10-06,29.2,10.2,19.4,64.5,20.3,42.7,2.7,19.5,0.0,5.6,25.677354166666664
2023-10-07,28.2,10.1,18.7,73.5,16.2,42.6,2.1,19.6,0.0,4.8,25.470625
2023-10-08,27.0,7.8,17.7,86.2,20.5,51.2,2.0,18.9,0.0,4.3,25.26472916666667
2023-10-09,23.7,9.3,16.3,100.0,32.4,66.2,2.3,17.8,0.0,3.6,25.063729166666665
2023-10-10,24.5,5.4,15.3,89.3,25.5,54.2,2.0,19.6,0.0,3.8,24.7273125
2023-10-11,25.2,6.1,15.8,89.2,26.7,59.8,1.8,19.3,0.0,3.7,24.624604166666668
2023-10-12,26.5,6.2,16.3,85.4,17.8,51.7,1.7,19.3,0.0,3.9,24.377020833333333
2023-10-13,28.2,7.7,18.2,81.8,17.4,46.4,1.7,17.9,0.0,4.1,24.219416666666664
2023-10-14,21.7,8.3,14.7,100.0,39.9,67.3,1.9,10.4,2.2,2.5,23.989416666666667
2023-10-15,22.4,5.7,14.5,100.0,29.5,63.8,1.5,17.5,0.0,2.9,23.812125
2023-10-16,22.6,10.8,15.9,88.1,26.8,59.0,2.1,14.3,0.0,3.3,23.71202083333333
2023-10-17,24.8,9.4,17.6,78.1,32.1,52.8,3.2,13.0,0.0,4.1,23.619041666666664
2023-10-18,21.0,13.6,16.7,81.4,39.4,58.6,5.4,14.3,0.0,4.2,23.574583333333333
2023-10-19,21.4,9.9,14.8,100.0,45.0,73.0,7.1,11.4,22.0,3.9,23.665916666666664
2023-10-20,14.2,8.8,11.2,100.0,47.7,65.6,5.4,15.5,1.8,2.5,31.7378125
2023-10-21,15.6,6.1,10.3,89.7,26.9,66.5,2.9,16.4,0.0,2.9,30.105041666666665
2023-10-22,16.4,5.6,11.5,84.8,56.9,72.1,3.2,11.6,0.0,2.2,29.047833333333333
2023-10-23,18.1,10.0,13.4,97.3,51.3,73.7,3.8,10.9,0.2,2.5,28.40845833333333
2023-10-24,16.6,7.6,11.2,100.0,31.5,66.7,3.8,16.3,0.2,3.0,27.75197916666667
2023-10-25,19.5,8.3,13.2,100.0,37.8,74.8,5.0,11.1,0.0,3.4,27.230500000000003
2023-10-26,19.9,9.9,14.2,100.0,46.2,80.9,5.3,11.6,0.2,3.2,26.958791666666663
2023-10-27,16.4,6.7,11.9,100.0,38.8,67.4,3.8,11.5,0.4,2.6,26.655
2023-10-28,17.9,1.9,9.7,100.0,39.4,73.3,2.0,15.6,0.2,2.3,26.33566666666667
2023-10-29,18.2,0.8,9.4,100.0,36.0,71.1,1.8,13.3,0.0,2.2,26.128681818181818
2023-10-30,18.2,6.3,11.8,85.2,41.7,63.8,4.5,13.7,0.6,3.2,25.957291666666663
2023-10-31,13.8,3.5,9.0,87.4,39.5,69.0,1.1,5.8,0.2,1.4,25.5855
2023-11-01,19.0,6.0,11.8,90.5,34.5,69.0,4.0,14.8,0.2,3.4,25.5429375
2023-11-02,19.4,8.4,13.1,94.4,42.4,70.4,9.2,13.9,25.2,4.1,25.52179166666667
2023-11-03,12.8,6.7,9.7,70.2,42.5,55.3,5.9,8.3,0.6,3.0,25.039854166666668
2023-11-04,17.0,6.9,11.9,89.7,42.6,70.5,6.7,14.4,1.8,3.3,24.93733333333333
2023-11-05,15.1,5.6,10.0,76.5,36.9,51.8,3.2,15.4,0.0,2.6,24.693354166666666
2023-11-06,14.0,1.6,7.2,89.7,32.5,62.9,1.9,14.6,0.0,1.9,24.343625
2023-11-07,14.2,-3.2,5.4,92.6,28.2,61.1,2.0,14.8,0.0,2.1,23.9399375
2023-11-08,13.6,-3.2,5.4,84.4,37.2,60.9,1.5,11.8,0.0,1.6,23.664916666666667
2023-11-09,17.7,3.4,9.2,86.6,29.9,66.0,2.6,13.3,0.0,2.7,23.6075
2023-11-10,16.5,5.9,10.5,94.9,40.8,68.3,4.0,13.7,0.0,2.6,23.53925
2023-11-11,18.9,8.3,12.0,89.4,42.9,72.2,4.6,12.0,0.0,3.1,23.550416666666667
2023-11-12,20.8,5.4,12.1,97.8,40.3,74.0,2.8,14.2,0.0,2.7,23.35633333333333
2023-11-13,21.4,2.9,10.5,100.0,44.0,76.5,1.3,11.4,0.2,1.8,23.135145833333336
2023-11-14,22.4,1.4,11.5,88.3,27.4,55.4,1.4,13.8,0.0,2.3,22.88770833333333
2023-11-15,24.1,2.1,12.2,75.8,21.4,49.9,1.4,13.6,0.0,2.6,22.69752083333333
2023-11-16,19.6,2.3,9.9,75.3,30.7,56.1,1.6,8.5,0.0,2.2,22.43858333333333
2023-11-17,21.8,1.8,11.4,84.9,23.6,57.9,1.5,12.8,0.0,2.3,22.240125000000003
2023-11-18,22.6,4.5,11.9,88.3,25.4,64.1,1.7,12.6,0.0,2.6,22.097166666666663
2023-11-19,22.4,2.1,11.1,93.1,19.4,59.2,1.5,12.7,0.0,2.4,21.9031875
2023-11-20,20.2,1.2,10.4,82.7,27.0,57.0,2.2,11.7,0.0,2.7,21.67875
2023-11-21,14.7,3.8,8.5,97.9,26.5,68.5,3.0,10.3,0.0,2.3,21.523750000000003
2023-11-22,12.0,-1.0,5.1,93.2,37.8,66.6,2.2,12.4,0.0,1.6,21.2035625
2023-11-23,13.7,-2.8,4.6,87.7,28.7,57.6,1.6,12.4,0.0,1.6,20.923
2023-11-24,14.6,-6.2,3.5,85.6,22.3,54.5,1.7,12.3,0.0,1.9,20.730125
2023-11-25,18.3,-4.9,5.5,84.6,18.7,51.5,1.3,12.2,0.0,1.9,20.645875
2023-11-26,17.3,-3.1,6.3,76.5,20.0,50.4,1.5,11.6,0.0,2.0,20.589354166666663
2023-11-27,14.3,-3.4,5.4,90.5,42.2,67.2,3.0,11.5,0.0,2.0,20.5204375
2023-11-28,16.9,3.4,8.0,97.5,50.0,82.9,4.4,11.1,0.0,2.3,20.60354166666667
2023-11-29,15.3,4.3,9.6,99.1,67.9,89.5,3.6,8.2,0.0,1.3,20.6603125
2023-11-30,17.8,9.8,13.3,97.4,50.5,79.3,6.0,10.4,0.2,2.6,20.722541666666668
2023-12-01,13.3,2.2,9.4,86.0,32.4,65.4,6.5,7.4,0.0,2.9,20.6045
2023-12-02,9.9,-3.2,3.7,99.0,47.5,78.3,3.1,11.3,0.0,1.4,20.25645833333333
2023-12-03,10.3,-7.9,1.4,96.4,21.8,62.4,1.3,10.8,0.0,1.2,19.95383333333333
2023-12-04,9.3,-1.5,4.2,96.6,53.0,77.8,3.2,6.2,0.0,1.3,19.962479166666665
2023-12-05,10.7,0.0,5.1,99.9,42.6,80.8,1.3,5.7,1.2,1.0,19.935354166666663
2023-12-06,9.7,4.4,6.9,98.5,86.3,94.1,0.8,3.1,2.0,0.5,19.6888125
2023-12-07,14.4,6.1,9.7,99.1,66.3,86.4,2.7,6.1,0.0,1.2,20.210833333333333
2023-12-08,12.2,4.3,8.8,97.9,38.9,71.3,5.0,8.5,1.8,2.1,20.133604166666668
2023-12-09,16.2,3.3,8.3,96.9,45.7,80.8,3.6,8.6,0.0,2.1,20.0534375
2023-12-10,15.8,3.6,7.4,99.4,48.2,89.1,0.9,6.8,0.2,1.0,20.107125
2023-12-11,20.7,0.2,9.6,99.4,22.4,66.9,1.5,8.4,0.0,2.1,20.149166666666662
2023-12-12,21.0,0.9,11.4,82.0,22.5,49.9,3.6,9.3,0.0,3.7,20.201729166666667
2023-12-13,12.4,3.1,8.5,94.2,43.7,71.1,4.1,4.1,0.0,1.9,20.24375
2023-12-14,10.7,-1.4,4.4,98.5,29.3,65.7,2.3,9.4,0.0,1.5,19.9505625
2023-12-15,12.5,-5.3,2.9,95.4,21.6,62.8,1.7,9.5,0.0,1.6,19.7643125
2023-12-16,14.4,-6.7,2.7,83.8,18.4,54.6,1.5,9.7,0.0,1.7,19.610666666666667
2023-12-17,13.0,-5.2,2.5,85.4,14.1,55.1,2.0,9.5,0.0,2.0,19.544208333333334
2023-12-18,11.6,-8.0,1.3,75.4,32.8,54.0,1.3,9.3,0.0,1.2,19.45808333333333
2023-12-19,12.4,-8.1,1.1,71.5,10.2,44.7,1.7,9.6,0.0,1.9,19.399708333333333
2023-12-20,10.1,-5.9,2.3,90.9,41.2,64.0,2.2,5.6,0.0,1.4,19.502125
2023-12-21,9.7,-4.3,1.3,99.2,43.1,82.1,1.4,8.3,0.0,1.0,19.45625
2023-12-22,13.4,-6.9,2.4,98.3,34.8,74.0,1.1,9.3,0.2,1.1,19.461458333333333
2023-12-23,16.0,-5.6,4.2,94.1,21.7,60.1,1.5,9.4,0.0,1.8,19.460166666666662
2023-12-24,13.5,-5.0,3.0,86.3,31.1,58.8,1.6,9.4,0.0,1.5,19.431479166666666
2023-12-25,13.7,-7.1,2.2,90.0,27.5,59.2,1.3,9.6,0.0,1.4,19.368895833333333
2023-12-26,17.6,-7.3,3.3,88.6,7.1,47.8,1.4,9.5,0.0,2.2,19.317520833333333
2023-12-27,17.2,-5.6,4.8,57.8,7.8,33.7,1.8,9.6,0.0,2.5,19.29564583333333
2023-12-28,16.4,-5.3,4.7,69.2,16.9,43.4,1.1,6.7,0.0,1.6,19.326083333333333
2023-12-29,10.6,0.8,5.8,60.2,33.2,46.3,1.1,3.3,0.0,1.2,19.388562500000003
2023-12-30,14.2,-1.6,5.7,70.8,16.3,46.4,1.9,9.3,0.0,2.0,19.37575
2023-12-31,12.2,-6.9,2.5,96.0,45.2,68.2,2.4,6.9,0.0,1.5,19.252229166666663
2024-01-01,12.5,-2.0,4.3,99.7,27.2,75.5,1.5,8.0,0.0,1.4,19.266375
2024-01-02,14.2,-5.4,4.5,93.2,29.8,63.4,2.4,8.4,0.0,2.0,19.16272916666667
2024-01-03,16.9,-0.1,7.7,94.4,36.1,72.2,1.9,9.4,0.0,1.8,19.28236956521739
2024-01-04,10.6,3.7,7.2,99.3,90.6,97.5,2.1,3.1,2.8,0.5,19.251104166666668
2024-01-05,7.9,2.1,5.3,98.2,53.4,79.1,3.7,7.7,1.8,1.2,18.805041666666668
2024-01-06,6.5,1.0,3.5,84.6,47.5,66.8,4.2,10.0,0.0,1.5,19.08925
2024-01-07,9.0,-2.5,1.4,100.0,31.7,81.0,1.7,7.4,0.0,1.2,19.18025
2024-01-08,9.8,-7.3,1.5,96.3,29.6,66.9,1.7,9.7,0.4,1.3,19.160854166666667
2024-01-09,9.2,1.7,5.2,98.1,54.2,82.0,1.1,4.6,6.6,0.8,18.966708333333333
2024-01-10,9.8,2.9,5.9,99.1,51.7,88.0,2.8,8.0,0.2,1.2,20.06502083333333
2024-01-11,10.1,0.8,4.3,99.5,51.7,87.9,2.0,7.0,0.2,1.1,21.2758125
2024-01-12,9.9,-1.2,4.4,97.6,56.5,87.2,1.1,8.6,0.0,0.8,21.88389583333333
2024-01-13,12.6,-3.0,3.8,99.6,45.0,81.3,0.9,7.0,0.2,0.9,21.9810625
2024-01-14,18.4,0.2,9.3,88.4,13.8,47.6,3.6,9.5,0.0,3.6,22.134875
2024-01-15,16.2,5.6,11.0,94.0,46.9,64.3,5.0,8.6,0.0,2.4,22.3725625
2024-01-16,17.0,6.7,11.3,96.9,20.2,65.5,4.3,7.9,0.6,3.2,22.6270625
2024-01-17,14.2,6.9,10.5,89.4,50.5,69.3,8.3,9.8,1.0,2.7,22.5474375
2024-01-18,16.3,6.2,10.6,90.9,43.8,71.3,5.3,11.6,0.0,2.7,22.47327083333333
2024-01-19,13.9,4.3,8.9,95.0,51.4,76.9,4.2,5.1,1.6,1.9,22.400854166666665
2024-01-20,10.3,0.8,5.6,98.5,65.8,91.0,2.1,6.1,0.2,1.0,22.154104166666663
2024-01-21,10.9,-0.1,5.6,98.3,50.6,82.7,1.3,8.3,0.0,1.0,21.895666666666667
2024-01-22,14.2,-5.4,3.7,98.2,34.9,73.2,1.8,12.2,0.0,1.7,21.829166666666666
2024-01-23,20.1,-1.8,8.1,91.2,27.0,66.0,1.5,12.7,0.0,2.2,21.8855625
2024-01-24,22.7,1.3,10.5,85.7,14.4,54.1,1.9,13.6,0.0,3.1,21.92197916666667
2024-01-25,24.7,3.4,12.8,61.4,15.7,38.8,1.6,13.4,0.0,3.0,21.90020833333333
2024-01-26,23.8,2.7,12.6,69.4,13.8,41.5,2.0,13.6,0.0,3.4,21.8893125
2024-01-27,20.9,4.2,11.4,63.7,16.1,42.9,2.7,13.5,0.0,3.7,21.736729166666667
2024-01-28,20.2,-0.3,9.7,75.5,15.6,46.7,2.4,12.9,0.0,3.3,21.508770833333333
2024-01-29,12.7,3.3,7.4,91.0,55.1,74.5,2.3,12.6,0.0,1.5,21.37258695652174
2024-01-30,13.1,4.2,7.2,91.0,50.5,80.3,1.8,9.1,0.0,1.4,21.3636875
2024-01-31,13.8,0.7,6.9,91.7,49.1,75.1,1.6,10.9,0.0,1.5,21.27295833333333
2024-02-01,16.6,-2.9,5.8,98.8,16.1,59.3,2.1,14.4,0.0,2.6,20.986104166666667
2024-02-02,16.8,-1.7,6.5,73.2,21.4,46.2,2.3,14.2,0.0,2.8,20.795729166666668
2024-02-03,14.9,0.5,6.5,76.1,27.6,56.9,2.2,14.8,0.0,2.4,20.673625
2024-02-04,19.1,-3.0,7.0,70.1,11.0,37.3,1.9,15.1,0.0,3.0,20.56116666666667
2024-02-05,17.6,-2.5,7.4,56.7,11.8,33.1,1.8,12.8,0.0,2.8,20.462979166666667
2024-02-06,16.9,1.1,8.3,76.7,15.8,47.2,2.6,12.2,0.0,3.1,20.49414583333333
2024-02-07,15.3,0.7,7.4,92.6,28.2,68.8,3.2,14.4,0.0,2.8,20.414875
2024-02-08,15.0,2.3,8.1,99.3,14.9,63.7,4.1,8.9,0.0,3.3,20.29508333333333
2024-02-09,10.6,5.9,8.4,97.2,61.4,83.0,6.6,3.4,15.6,1.6,22.12783333333333
2024-02-10,8.7,3.6,6.4,90.4,54.9,70.7,7.7,13.7,3.2,2.0,29.641625
2024-02-11,10.2,1.1,5.3,95.3,42.9,79.6,5.1,11.1,1.0,2.1,29.79070833333333
2024-02-12,14.7,7.9,11.8,98.8,50.6,76.8,5.7,15.9,8.6,2.5,32.941250000000004
2024-02-13,17.6,6.9,10.9,98.9,53.2,84.5,2.2,12.7,0.0,2.0,31.1580625
2024-02-14,18.4,6.5,11.5,93.2,43.8,74.2,2.2,11.3,0.0,2.3,30.37275
2024-02-15,18.1,5.5,10.7,94.2,43.3,74.5,2.6,9.2,0.2,2.4,29.821583333333333
2024-02-16,11.3,5.4,8.7,93.2,46.9,68.8,3.8,8.5,0.0,1.9,29.41627083333333
2024-02-17,14.8,2.4,8.2,97.3,22.7,58.0,2.1,17.0,0.0,2.5,28.934
2024-02-18,18.4,-0.2,8.7,91.9,26.5,62.9,1.3,17.1,0.0,2.3,28.438625
2024-02-19,19.2,0.5,9.0,92.9,26.0,64.9,1.4,15.9,0.0,2.5,27.99339583333333
2024-02-20,20.2,1.3,10.1,92.2,11.6,58.4,2.2,17.5,0.0,3.5,27.565604166666663
2024-02-21,20.9,-1.1,10.4,83.1,11.2,42.0,2.3,17.7,0.0,3.8,27.0559375
2024-02-22,18.9,7.8,12.3,87.9,16.3,52.7,5.5,14.8,0.0,4.8,26.591062500000003
2024-02-23,9.9,2.5,6.7,92.0,31.4,57.7,5.7,16.0,3.0,2.7,26.064166666666665
2024-02-24,6.9,1.8,4.2,94.6,54.8,74.2,4.6,10.4,2.6,1.6,25.945791666666665
2024-02-25,12.6,3.5,7.5,96.8,56.3,78.4,8.2,9.4,0.0,2.3,26.87625
2024-02-26,9.2,2.3,6.2,91.0,60.4,79.9,6.2,10.3,3.4,1.8,30.009958333333334
2024-02-27,6.4,1.5,4.1,78.7,52.6,63.1,7.3,14.1,0.0,2.1,31.742604166666663
2024-02-28,9.5,1.1,5.1,76.5,40.6,53.9,5.2,18.7,0.0,2.7,30.574
2024-02-29,14.7,-1.3,6.9,95.3,20.9,62.2,4.0,19.1,0.0,3.5,29.980416666666667
2024-03-01,13.4,0.5,6.7,73.0,22.2,41.7,4.0,19.3,0.0,3.5,29.22366666666667
2024-03-02,10.4,-2.2,4.8,93.3,50.5,73.4,6.4,15.2,3.6,2.3,28.539583333333336
2024-03-03,7.5,1.3,4.6,95.4,43.0,61.4,6.1,15.4,0.2,2.2,29.775604166666668
2024-03-04,14.0,4.6,8.2,89.3,43.2,69.2,5.4,13.6,0.0,3.0,29.86435416666667
2024-03-05,15.0,1.7,8.2,93.5,19.8,62.9,2.3,20.0,0.0,3.0,29.391270833333333
2024-03-06,16.5,-1.7,7.4,89.9,12.8,58.7,1.8,20.5,0.0,3.1,28.770625
2024-03-07,15.1,1.0,7.5,91.1,26.2,63.2,3.5,17.0,0.8,3.3,28.229375
2024-03-08,9.4,1.3,5.3,91.8,42.7,71.7,6.0,17.5,0.0,2.5,27.79583333333333
2024-03-09,8.0,0.9,4.4,98.2,72.4,89.1,6.1,3.5,12.6,1.1,30.2255
2024-03-10,9.8,2.5,6.1,89.0,52.5,72.9,7.7,18.8,0.0,2.5,32.231770833333336
2024-03-11,11.1,2.8,6.9,89.1,41.3,64.2,3.5,20.4,0.0,2.6,31.29283333333333
2024-03-12,17.0,-1.2,7.6,96.2,25.5,63.6,1.2,21.4,0.0,2.7,30.494354166666668
2024-03-13,18.7,2.3,9.8,77.7,20.9,52.9,2.0,21.3,0.0,3.6,29.754375
2024-03-14,19.8,0.7,10.3,90.1,31.0,65.8,1.8,19.9,0.0,3.3,29.163833333333333
2024-03-15,19.2,3.9,11.1,99.1,34.3,70.2,2.1,18.2,0.0,3.2,28.642916666666665
2024-03-16,20.9,3.0,12.8,94.4,22.8,58.4,1.2,20.5,0.0,3.2,28.045708333333334
2024-03-17,25.5,5.1,15.2,84.5,14.0,48.2,1.6,19.4,0.0,4.2,27.43008333333333
2024-03-18,25.3,4.3,15.2,84.2,13.5,45.0,1.6,18.7,0.0,4.1,26.7888125
2024-03-19,25.1,7.3,16.0,63.0,14.1,37.5,2.2,16.4,0.0,4.7,26.2495625
2024-03-20,22.2,9.1,15.2,61.6,21.1,43.0,3.0,11.8,0.0,4.5,25.759979166666668
2024-03-21,17.9,8.7,13.5,84.6,44.6,59.9,3.9,16.7,0.0,3.5,25.364604166666663
2024-03-22,23.2,10.1,16.0,62.1,18.4,38.5,3.4,17.2,0.0,5.4,25.019916666666663
2024-03-23,20.7,9.2,14.8,61.1,21.5,38.8,3.1,11.8,0.0,4.3,24.616645833333333
2024-03-24,16.4,8.6,12.5,82.0,23.4,42.9,3.3,8.2,0.0,3.3,24.25825
2024-03-25,11.4,7.1,9.1,96.6,77.6,89.7,3.6,5.6,2.8,1.2,24.053541666666664
2024-03-26,9.3,0.4,4.8,96.0,46.4,79.0,5.7,13.5,4.6,2.3,24.037458333333333
2024-03-27,13.0,3.7,8.6,86.8,44.5,66.8,9.8,22.2,0.6,3.6,24.09852083333333
2024-03-28,16.1,8.9,11.7,84.6,51.4,71.3,8.5,18.3,0.0,3.8,24.71239583333333
2024-03-29,17.2,2.1,8.9,89.9,31.3,71.1,4.4,13.7,2.6,3.8,24.66014583333333
2024-03-30,9.9,1.0,6.0,95.1,60.0,80.7,4.0,9.6,2.0,1.7,24.4905625
2024-03-31,8.2,1.9,4.7,97.2,65.8,88.7,4.3,5.5,19.6,1.3,30.9464375
2024-04-01,11.8,2.1,6.9,95.9,37.7,72.1,4.2,22.3,0.0,3.1,32.234541666666665
2024-04-02,16.6,1.3,9.4,95.8,32.7,64.6,1.8,20.6,0.0,3.1,31.18883333333333
2024-04-03,19.7,3.3,11.3,98.9,12.6,70.4,2.0,23.6,0.0,4.2,30.38264583333333
2024-04-04,22.6,4.1,13.6,94.0,18.6,56.7,1.5,25.2,0.0,4.2,29.56027083333333
2024-04-05,26.4,5.3,16.1,80.6,13.0,43.1,2.5,24.0,0.0,5.8,28.606875
2024-04-06,25.1,9.4,17.7,61.3,18.4,36.6,2.8,18.4,0.0,5.4,27.6676875
2024-04-07,26.2,13.6,18.5,79.4,16.7,40.6,1.7,13.2,0.0,4.1,27.073958333333334
2024-04-08,21.3,9.5,14.4,93.2,14.0,61.4,4.0,22.3,0.0,5.5,26.559854166666668
2024-04-09,17.8,4.6,11.1,79.6,19.1,37.4,2.1,26.5,0.0,4.2,25.9224375
2024-04-10,20.7,1.5,12.2,68.6,19.0,37.8,2.5,26.5,0.0,4.9,25.36239583333333
2024-04-11,20.0,5.7,13.8,69.5,23.4,43.8,2.8,26.4,0.0,4.9,24.9916875
2024-04-12,19.8,4.6,12.9,67.8,15.9,43.0,2.9,26.6,0.0,5.1,24.579104166666667
2024-04-13,22.9,3.9,13.9,75.8,13.9,40.9,3.0,27.0,0.0,5.8,24.254104166666668
2024-04-14,22.0,4.7,14.2,67.1,18.7,40.1,2.4,27.2,0.0,5.2,23.951083333333333
2024-04-15,25.9,3.5,13.7,93.9,18.6,56.9,2.0,20.4,5.8,5.0,23.76754166666667
2024-04-16,24.7,6.8,16.4,97.7,21.6,61.3,2.1,24.2,0.2,5.0,23.6455
2024-04-17,24.2,7.7,15.9,85.3,25.3,60.3,2.0,25.6,0.0,5.0,23.367166666666662
2024-04-18,21.2,8.2,15.0,92.8,40.8,65.9,1.7,20.0,0.0,3.6,23.065291666666667
2024-04-19,14.0,6.1,10.5,96.8,65.1,79.4,2.9,12.2,0.0,2.1,22.707604166666663
2024-04-20,18.6,5.0,11.7,94.8,18.6,60.4,2.1,21.6,0.0,4.0,22.545354166666662
2024-04-21,18.8,3.0,10.9,84.3,23.7,51.6,2.0,28.1,0.0,4.4,22.382166666666667
2024-04-22,20.4,4.6,12.2,91.5,15.8,59.9,3.1,26.4,0.0,5.2,22.280708333333333
2024-04-23,18.0,2.1,10.5,95.0,13.3,50.1,3.1,27.6,0.0,4.9,22.07645833333333
2024-04-24,19.3,1.6,11.3,64.5,13.9,34.5,2.4,28.5,0.0,5.0,21.934791666666666
2024-04-25,19.5,0.3,11.4,58.2,16.1,35.9,2.7,23.6,0.0,4.9,21.745395833333333
2024-04-26,19.2,3.1,11.8,74.4,14.7,45.5,3.3,23.9,0.0,5.1,21.59510416666667
2024-04-27,15.6,4.9,10.3,82.2,42.8,60.1,3.7,20.6,0.0,3.6,21.441354166666667
2024-04-28,13.4,1.6,7.8,94.7,43.9,73.8,1.5,12.8,2.2,2.2,21.075375
2024-04-29,10.8,5.7,7.7,97.5,60.5,86.8,2.0,4.9,1.0,1.3,20.865791666666667
2024-04-30,16.0,5.1,10.1,91.7,26.2,64.1,4.0,21.1,0.0,4.2,21.15927083333333
2024-05-01,12.6,5.4,8.8,95.1,33.1,66.7,5.5,19.2,0.8,3.5,21.291666666666668
2024-05-02,16.4,2.7,9.3,75.8,12.1,39.6,4.0,28.4,0.0,5.3,21.120270833333333
2024-05-03,20.6,-1.0,11.3,81.3,15.2,40.8,2.2,29.2,0.0,5.1,21.333916666666667
2024-05-04,25.0,2.3,15.0,65.1,11.7,33.2,2.5,29.6,0.0,6.3,21.58866666666667
2024-05-05,24.5,4.3,15.7,68.3,14.9,38.0,3.3,25.6,0.0,6.4,21.668458333333334
2024-05-06,21.8,8.4,14.5,86.7,19.7,58.1,2.9,19.6,0.0,4.9,21.56308333333333
2024-05-07,23.8,3.6,14.9,85.1,19.4,49.3,2.0,28.7,0.0,5.4,21.480395833333333
2024-05-08,21.8,6.9,14.4,82.7,27.5,51.0,2.2,22.7,0.0,4.6,21.418125
2024-05-09,23.3,4.7,14.5,86.4,18.8,47.6,2.2,26.6,0.0,5.3,21.351604166666664
2024-05-10,24.4,5.7,16.1,65.0,17.0,38.0,2.7,29.4,0.0,6.3,21.32325
2024-05-11,26.6,11.7,18.4,56.2,14.1,30.8,2.4,28.6,0.0,6.7,21.344687500000003
2024-05-12,28.4,7.7,18.4,67.6,11.0,42.1,1.9,29.3,0.0,6.5,21.252291666666668
2024-05-13,27.4,9.2,19.5,79.3,21.1,44.4,2.7,28.3,0.0,6.5,21.12258333333333
2024-05-14,21.6,10.9,16.0,71.4,12.9,40.4,3.9,27.4,0.0,6.5,20.923375
2024-05-15,20.4,4.7,12.6,74.2,12.8,40.9,3.4,30.5,0.0,6.0,20.630020833333333
2024-05-16,20.9,4.0,12.4,67.5,11.4,39.5,3.2,30.5,0.0,6.2,20.393125
2024-05-17,22.8,4.4,14.3,73.3,16.0,46.0,2.8,30.5,0.0,6.1,20.284354166666667
2024-05-18,23.4,6.5,15.3,73.6,11.0,40.8,2.0,30.7,0.0,5.8,20.217166666666667
2024-05-19,22.3,6.0,15.0,62.2,15.3,37.2,2.4,28.0,0.0,5.7,20.107666666666667
2024-05-20,20.9,6.7,14.0,77.9,16.9,43.4,2.8,27.8,0.0,5.5,19.893604166666663
2024-05-21,21.8,3.9,13.9,77.0,21.4,44.9,2.7,30.1,0.0,5.7,19.745270833333333
2024-05-22,24.1,6.7,15.5,68.3,10.0,39.8,2.3,31.0,0.0,6.3,19.6953125
2024-05-23,23.6,6.7,15.6,62.5,18.5,42.1,2.3,20.2,0.0,5.2,19.69239583333333
2024-05-24,27.9,7.9,17.9,83.0,16.1,39.4,2.2,29.9,0.0,6.6,19.69516666666667
2024-05-25,30.1,8.6,20.1,88.0,11.5,45.8,2.2,30.6,0.0,7.2,19.65320833333333
2024-05-26,31.3,10.0,21.2,67.4,14.9,39.8,2.2,27.2,0.0,7.1,19.6235625
2024-05-27,30.7,11.5,21.7,80.8,12.8,46.7,2.7,29.5,0.0,7.7,19.4570625
2024-05-28,28.6,12.9,19.8,98.2,23.7,61.7,2.4,29.9,0.0,6.6,19.389791666666667
2024-05-29,31.5,10.2,21.6,89.6,10.4,43.7,1.8,30.0,0.0,6.9,19.3610625
2024-05-30,32.7,12.1,23.0,57.6,12.4,31.0,2.1,29.5,0.0,7.6,19.2740625
2024-05-31,27.3,13.4,19.8,86.0,24.9,44.4,2.9,28.4,0.0,6.6,19.141166666666667
2024-06-01,24.4,12.2,17.3,87.5,37.9,66.0,2.8,27.1,0.0,5.5,18.972583333333333
2024-06-02,23.9,10.2,17.0,80.1,31.8,53.2,2.8,28.6,0.0,5.8,18.76460416666667
2024-06-03,25.0,11.0,18.1,67.3,27.5,46.7,2.6,29.7,0.0,6.3,18.617
2024-06-04,26.2,9.8,18.5,76.6,24.1,47.4,1.8,22.8,1.2,5.2,18.441354166666667
2024-06-05,30.5,9.8,21.2,75.1,14.7,35.5,2.2,30.4,0.0,7.2,18.417416666666668
2024-06-06,29.1,13.8,22.1,45.9,16.4,28.6,3.1,22.9,0.0,7.3,18.301041666666663
2024-06-07,30.4,16.6,23.6,56.9,14.6,31.8,3.6,23.8,0.0,8.1,18.177416666666662
2024-06-08,26.0,12.6,18.5,84.4,26.8,55.7,3.6,24.5,0.0,6.4,17.98
2024-06-09,24.8,10.1,18.3,84.8,22.8,49.9,3.2,28.2,0.0,6.3,17.8069375
2024-06-10,26.2,11.9,18.4,89.4,24.5,58.4,2.5,29.3,0.0,6.3,17.741854166666666
2024-06-11,20.6,10.6,15.5,94.5,50.8,78.3,1.7,16.1,11.6,3.2,17.523833333333332
2024-06-12,24.6,9.7,15.9,98.6,24.5,74.8,2.5,26.2,0.2,5.6,17.3211875
2024-06-13,27.9,8.4,18.5,97.3,13.2,61.2,1.9,30.8,0.0,6.4,17.545708333333334
2024-06-14,30.9,11.5,22.0,91.6,20.9,47.7,1.8,27.5,0.0,6.4,17.872354166666668
2024-06-15,30.1,15.7,22.9,60.6,17.2,34.5,3.0,29.5,0.0,8.0,17.9421875
2024-06-16,29.8,11.0,20.9,68.6,13.4,41.4,1.7,29.9,0.0,6.6,17.790604166666665
2024-06-17,31.5,12.2,22.0,76.1,13.8,40.8,1.8,30.6,0.0,7.1,17.6506875
2024-06-18,29.4,12.0,21.5,71.2,15.5,39.3,2.7,30.9,0.0,7.5,17.499895833333333
2024-06-19,25.0,11.8,18.5,87.2,11.2,48.1,3.6,30.0,0.0,7.1,17.288604166666666
2024-06-20,22.9,8.6,16.2,91.6,23.3,50.7,3.4,31.1,0.0,6.2,17.0865625
2024-06-21,28.3,7.3,18.7,74.6,15.5,41.6,1.5,31.0,0.0,6.2,16.986416666666667
2024-06-22,30.5,10.6,21.8,68.1,17.9,37.9,1.6,26.3,0.0,6.1,16.9316875
2024-06-23,30.4,15.8,23.2,77.5,18.3,40.3,1.9,26.1,0.0,6.4,16.840354166666668
2024-06-24,29.6,14.6,21.2,84.0,27.5,56.9,2.2,28.8,0.0,6.6,16.711354166666666
2024-06-25,32.1,13.0,22.5,90.6,20.3,53.9,2.2,28.5,0.0,7.1,16.653291666666664
2024-06-26,28.5,14.7,21.9,76.8,28.1,45.1,3.1,26.2,0.0,6.8,16.5319375
2024-06-27,27.1,15.4,21.5,83.7,33.3,47.1,2.6,26.3,0.0,6.0,16.407166666666665
2024-06-28,26.3,13.2,19.8,90.8,39.6,68.8,2.2,21.5,3.2,4.9,16.313791666666667
2024-06-29,25.6,11.3,18.5,91.2,31.5,60.6,4.3,30.8,0.0,6.8,16.204354166666665
2024-06-30,30.4,11.2,21.5,89.7,20.2,52.4,1.9,28.5,0.0,6.5,16.212166666666665
